predictions,targets
-0.49479356,-0.8535785
0.03534264,-1.6869465
-0.8974112,1.7257458
0.6508507,0.31997904
0.36437392,-0.055394318
0.33394083,0.1259569
1.1815623,1.2263212
0.42384788,0.38545802
-0.14716212,0.04720595
-0.6980525,-0.8158166
0.46620682,-0.6138863
0.63975716,0.50910556
0.622994,0.62329555
0.5208539,0.3806771
0.1428137,0.77847266
0.43762273,0.67490304
0.28710562,0.057508778
-0.4137152,0.3191714
0.46841756,0.3476711
-0.21812092,0.26561326
0.8659855,0.10057384
0.35054982,0.9878338
0.6880445,0.82632935
0.00777548,-0.31110168
-0.12553951,0.028651616
0.76833326,-1.338449
-1.4093567,-0.33896926
0.3952228,-1.0619652
0.12950948,-0.26348135
0.29340333,0.040666137
0.2117096,-0.39166662
-0.1317545,-0.813116
0.6025717,0.8413154
0.62451935,1.1146091
0.1892808,-0.4558221
0.1698653,1.3653337
0.49945506,1.4848404
0.7586166,0.35950765
-0.16785245,0.5283027
0.96833783,-0.84846294
1.0842795,1.0087961
-0.095503226,-0.82268417
0.7654552,0.97252667
-0.24416322,1.0445751
-0.42659163,0.19032504
0.72751844,0.08433626
-0.029372877,0.44948572
-0.01414646,-0.08785561
0.5682793,0.9342107
1.1786466,1.1354258
-0.98564285,-2.072475
0.7392595,-2.410082
0.5140552,1.5441486
1.3883921,1.0954343
-0.29514408,0.11070529
0.7159768,1.8536162
-0.17413004,-0.05522151
0.40177765,1.0663613
0.7550052,1.0046834
0.4453601,1.2973741
-0.35428473,-0.72875667
0.38253674,-0.5340415
-0.17368345,-2.532098
0.28331417,0.28765833
-0.38174617,-1.6953163
0.46852264,0.72943324
0.74838525,1.1212258
1.0050853,0.882852
0.40177765,0.92661977
-1.1027155,-0.4367224
0.10360535,-0.36350948
0.5010145,-0.21789393
0.354198,0.28337494
0.73463356,0.6515965
0.5243436,1.1157149
-0.07406722,-0.26386705
0.5934862,0.34309283
1.1163439,0.82309383
-0.0977129,0.7876772
0.83878475,0.9430459
0.46230885,1.5253445
0.123370774,-0.23611043
0.37666333,0.12970619
0.23458354,-0.39988375
0.6265434,1.0835891
0.06481594,0.26956788
0.34719718,-0.1801905
0.3340659,0.39342403
1.3017606,1.0103184
0.8642206,0.026705021
0.63934654,-0.21465361
0.04473032,-0.40223056
-0.040417016,-1.9803654
-0.13856696,-1.4572014
0.62859267,0.9517752
0.62878454,0.79966897
-1.1386955,-1.3569435
-0.26770103,-0.27598843
0.8510188,0.9187113
0.80330306,0.8040855
-0.8510831,-1.4234632
0.49740514,0.6157658
0.706028,0.9942873
1.018318,0.680332
0.6443139,0.7795508
-0.18246004,0.33426255
0.31118467,0.03220945
0.55990964,1.1124446
0.28467035,0.27569535
-0.12552471,0.77411216
0.69987935,0.94645375
-0.6273079,-0.52483857
0.7918155,-0.16834134
0.9611144,1.298855
0.2370011,-0.015937788
0.3273123,1.4014802
-0.20505415,1.2689283
1.6270587,1.085473
0.32254246,-0.8606319
0.670064,0.83787507
0.83462363,-0.6802673
0.47943315,-1.1727955
0.9193047,0.71287674
-0.037812755,0.5678196
0.028520668,-2.8364682
-0.5090652,-2.6320977
0.14212179,0.3819191
0.4868941,1.0799612
0.08213625,0.76417685
1.528652,0.15398146
-0.14901666,0.72695935
1.0601844,-0.06851214
0.31800774,0.86465514
-0.58989936,-1.343875
-1.0987636,-1.8403575
-0.4401503,-0.64125496
1.0063757,1.5053928
0.5683685,-0.19520237
-0.004703855,-0.6964383
0.5366058,0.5699926
0.1298502,0.39242423
0.05371537,-0.64873177
0.7861562,0.9099046
0.9089889,0.26826343
1.1087669,1.143682
0.7142919,1.1506822
0.412883,1.5243328
-0.20927517,0.32870698
-2.115437,-1.8754252
0.29774633,-0.02419695
-0.5522576,0.95650244
0.26382107,-0.7272017
-0.8390811,-2.0983348
-0.98309624,-0.7704454
0.6244988,0.0446169
0.028211923,-1.6683291
0.06544492,0.42590788
-0.25026584,0.10721005
-0.24624752,-2.4140537
-0.33703995,-0.87222934
1.1381081,0.6707293
-0.73611784,-0.23658621
0.8821148,0.58509123
0.32125786,0.084807545
0.21760918,-0.64359355
0.46084026,0.60943305
-1.291238,-0.6262312
1.0644305,0.48923498
-0.3937802,0.21292806
1.2708899,0.7178905
0.7333023,1.0524294
-0.4931249,-0.035597418
0.6378486,0.13586058
-0.0436335,-1.2912797
0.83748245,0.3850359
0.6198265,-0.4884496
-0.63499326,-0.90013736
0.13067938,0.70995337
-0.4537336,-1.6752319
-0.16523986,0.44580325
0.3159009,0.28832656
-0.8133927,0.66390795
-0.7819751,-0.22889845
0.3359131,-0.51090616
0.26304233,-0.12408712
-0.23882657,0.8561857
1.195646,1.1746706
-0.7098129,0.42435065
-1.0060223,-2.718576
-0.32195225,1.1397463
0.07782019,0.5611442
0.7309286,0.88844436
0.5930885,0.4577648
0.9627876,0.37023795
0.99603504,-2.0438292
0.49801758,1.2193701
-0.032570496,-1.5331014
-1.499794,-1.1210537
0.39159927,1.0835083
0.04514218,0.07521127
0.27440155,0.5333586
-0.6198036,-0.4529106
0.05371537,0.3342038
0.6198265,0.64523935
-0.043400027,0.5866816
-0.06932084,-0.045185156
0.33189937,-1.911621
0.61872834,1.1193577
0.7719349,0.9610891
0.27793548,0.71106863
0.30960867,-2.740361
0.35325894,0.39632487
-1.1961973,-1.9803083
-0.6282638,-1.8872141
-0.60635746,0.08478586
0.9857454,0.66993725
0.18900698,-0.3040381
-0.2299866,1.7644452
0.73153585,0.4960651
0.05526218,0.21288182
0.010724055,1.2791443
-0.5212297,0.16500895
0.73913324,0.7933934
0.8275782,0.72187406
-0.04758445,1.4108036
0.7577922,0.9592556
-0.07625159,-0.8021582
0.20832896,-1.3580401
-0.51579547,0.53166133
0.10770088,-1.410543
-0.083905675,-1.9193473
0.14757998,0.119066335
-0.29976362,-0.52316046
0.09841982,1.7503791
-1.0726564,-2.033021
0.11138662,-1.5362672
0.6885766,1.2885785
0.17020452,-0.09040194
0.060734175,0.56992596
0.5731347,1.2307016
0.6661887,0.093004644
-0.17796916,-1.0603771
0.8057685,0.6806914
0.26532808,0.7581501
-0.37206116,0.5558836
-0.038314015,-1.2630188
1.0692313,1.2622623
0.32300338,-0.16424052
0.32540008,0.60583895
0.09839312,0.19622028
-0.20059963,0.028758168
0.4456742,0.35467452
0.89421666,0.9883301
-0.036332235,-1.2605394
-0.7802008,-0.71270144
0.69410247,0.41079894
0.7991785,0.98159957
0.34924838,-1.4612671
-0.28285545,-0.7012166
-0.23797968,-0.121521875
0.1745025,0.6063046
-0.06619308,-0.4217841
0.120442055,0.4855189
-0.08432605,0.08980606
0.7279833,0.4274904
0.53196716,0.15689848
0.94303674,0.24332199
-0.13617972,0.40980607
-0.07625159,0.8367349
0.704659,0.46382695
0.43879586,0.7328828
0.9850089,0.5784544
-0.5212297,0.4368412
0.035916097,-0.7884266
-0.061619572,0.043774333
0.602748,0.92598504
-0.20058335,0.82412946
-0.38715264,0.8112282
0.19460121,1.4584206
-0.13246343,0.73550177
0.19034414,-0.3962835
0.30392033,-1.2004851
0.14793745,-0.74105614
0.37314367,0.79834354
0.18702257,0.27312484
0.5343421,0.6756953
0.20952792,0.65012985
-1.0947385,-1.1463392
0.24334951,-1.2463702
0.7910549,0.15224558
-0.1496915,0.4884487
-0.49920154,-2.491236
-0.14992854,-0.55614036
0.5331133,-0.73379266
0.33817497,0.87567204
0.18475156,0.2897461
-0.45301145,1.295253
-0.1382008,0.20724346
0.8920105,1.3032023
-1.5179002,-1.518379
1.0149891,-0.047770876
0.44860536,0.7900115
0.30649483,0.95172
0.29646745,0.71425754
1.2432281,1.3339784
0.14282225,0.24717444
0.98473805,-0.6830802
0.12950307,0.2935885
0.7486571,0.072719134
0.8621199,1.2226458
0.5257677,0.8279968
0.1390086,0.5096743
-0.04185687,-0.14197227
0.7807875,0.4508746
-0.13739699,0.7789087
0.11138662,-0.799712
0.72659665,0.0067630145
-0.43622693,0.8636617
-0.012533335,0.14827728
0.32273573,-0.358701
0.5577626,1.91784
0.55299443,2.046898
-0.011134377,0.3552712
1.1112342,0.81232774
0.42162135,-1.6157001
0.84985894,0.8835269
0.4666092,0.8063395
0.6515706,1.1102157
-0.11172183,0.9172689
-0.20365755,1.0275898
-0.0813482,0.76830786
0.79134023,-0.3290461
0.21670392,-0.50671077
0.35372382,1.0412984
0.9218444,-0.475039
-0.08027409,0.38614362
-0.30095366,-2.6659415
0.24760734,0.3012459
0.43869704,0.17528963
0.48721442,-0.8565113
-0.028363349,0.31773964
0.9352565,0.84654236
-0.1676452,-2.2611854
-1.6872776,-2.3198016
0.7797954,0.37834138
0.63872296,0.8416906
-0.07207558,-0.8632543
-1.8138816,-1.1169231
-0.70835245,-2.2087593
0.8618291,0.8102987
0.4560199,0.6976811
0.6219745,1.2294763
0.4199592,1.2358712
0.19870712,0.4409368
0.54358244,0.16810381
1.1073389,0.6598523
-0.45456097,-2.5594938
0.76386315,0.371501
0.37047392,0.42492178
-0.7348179,-1.0196106
-0.34847346,0.5454652
-0.03849623,1.2825277
-0.4323546,0.3592961
0.8706787,0.32317716
0.42384788,0.9662771
0.6954641,0.866083
0.97074157,0.6042081
-1.4093567,-1.4827605
0.009421548,0.26502708
0.6654817,0.85764015
-0.020807365,0.6301613
0.06785313,0.18123206
-1.1239635,-0.47775814
0.86136925,0.8560936
-0.871358,-0.114610866
-0.24996065,-0.6685717
0.8578798,0.98715466
-0.13300252,0.8243593
0.6832543,0.42575356
0.7619009,1.2703305
0.40820578,0.65993917
0.10436813,0.6942006
-0.025984446,0.16396537
0.8023712,1.4775597
0.27116647,0.9935908
0.5282951,0.31499946
-0.23115851,0.14104162
-0.45144698,-0.61898315
0.60014576,0.72281325
-0.18383875,0.63507426
0.86108166,0.29652843
-0.008746525,-0.3000908
0.5432491,1.2628083
-0.6587044,-1.3228139
0.9514342,0.28336576
-0.34812933,-0.40310127
1.2457114,1.1866707
0.80845046,0.45915657
0.88853556,0.9540899
-0.11169919,0.075420074
-0.46824047,-1.9488614
0.3109551,-0.75993186
0.74418485,1.1166563
-1.7849762,-2.358031
-1.0181705,0.7260889
1.2315127,1.3021741
0.62844986,0.6041378
0.92848736,0.7443828
-0.29125887,0.0762065
0.9055629,0.5118627
0.5332853,-0.25270817
0.91945916,0.65396214
0.4765949,-0.9867077
0.4979532,-0.073415376
0.2697158,-0.042462207
-0.6831975,-0.65344036
0.42162135,0.42936614
-0.19712386,0.5269482
-0.51664215,0.27984875
-0.22718711,-0.0037160283
1.0251657,0.9178083
0.15303238,-1.4678835
0.66487783,1.3055472
-0.546613,1.1715145
0.6138237,0.35670257
0.75263155,0.4985025
0.50569683,0.34600353
0.37531385,0.9061696
0.44681033,0.19223107
-0.14012063,-0.30861342
0.7842649,0.25864676
0.82483995,1.4472018
0.5465254,0.5177683
0.4517881,0.3044788
0.7956253,1.056189
-0.04429908,-1.5094455
0.85517323,0.003827746
0.7339618,0.8947909
0.10844121,0.37165663
0.6699599,0.64836955
-0.014195336,-0.5497583
-0.10683601,-1.0687374
-0.2547323,-2.7718103
0.024384672,0.66826916
0.78209287,0.24955711
-0.33466536,-1.0436692
0.25278667,0.71500945
-0.5871996,-1.285965
-0.097667925,0.87622374
0.5302644,-1.2599573
1.3715997,1.2015667
0.057369247,0.76408565
-0.5339865,-2.0087545
0.87125266,1.2817173
0.7208799,1.1526023
-0.15718994,2.0474913
0.74703187,0.87874866
1.0026414,1.3836776
0.9627876,0.76310974
0.2726831,0.4404616
0.5561084,0.037878312
1.0193275,1.057398
0.06893852,-0.21274926
0.6672564,1.0213355
0.8396109,0.5297489
-0.60077333,-0.7826943
0.31150004,0.8106139
-0.13220513,0.77013165
-0.42594612,0.005311352
0.02500244,-0.4763247
-0.15975475,-0.29819307
0.20427749,0.29612032
0.5709006,1.3283011
-0.7540389,-0.54533297
0.63850266,1.1776593
0.9647245,0.95304066
-0.097667925,-0.2541755
-0.38175783,-1.7119915
0.1668475,1.2101227
0.3737481,0.47339177
-0.67741805,-1.23082
-0.4304412,-0.056589525
0.87595034,1.200779
-0.64458025,-1.6977106
-0.47756898,-1.0545284
-0.47689956,-0.9095056
0.015216475,-0.099292114
0.087924145,0.2186811
1.1041623,0.52715683
0.3518875,-0.5424806
0.5456364,1.3362671
0.6721027,0.8092326
0.014469346,-0.9252697
0.4666092,-0.52359897
-0.061619572,-0.3596808
-0.40185457,-0.12065788
0.25804177,0.32544926
0.9258917,0.85636777
-0.5437737,0.23779468
-0.26725894,-0.20757806
0.34431225,1.6964349
0.087330796,0.3325762
-0.12514822,1.482642
-0.24881873,1.5099612
-0.52662593,-2.3894646
0.5243436,1.2287923
-0.38400188,-1.9330926
0.034298845,0.40237373
-0.12935682,-0.15559489
-0.21937254,0.4308039
-0.0039281137,1.2576585
0.7547936,1.433638
0.62894744,-0.16677693
0.5945703,0.44021988
0.69006604,0.66355735
0.7448319,1.1885834
0.88124156,0.9673033
0.6221687,1.1579278
0.16222791,-0.6275352
0.37799668,-0.74434435
0.8610815,0.8607113
-0.02854698,-0.82751286
-0.17413004,0.37678617
0.74562836,0.18252552
0.9654926,1.1550714
0.86905015,1.2818941
0.6085326,0.57226557
-0.0051461086,1.4956082
0.89088017,-0.9191837
0.12750727,-0.96028936
0.9482711,0.41849238
1.0198889,0.29345044
0.4790326,0.77148163
0.005197948,0.24665797
0.375754,-0.8926308
-0.38416398,-0.070253536
0.7075062,1.327376
-0.29860893,0.65228057
-0.23386809,-0.17586227
1.1340768,0.65515304
-0.22753246,-0.94138324
-0.32556033,1.5246806
0.55341434,-0.7512791
0.1395717,0.60515535
-0.18538271,-2.3030188
-0.38300982,0.277591
0.7870287,0.36455786
0.65138686,0.8998778
0.944108,1.1761627
0.8494813,0.8531574
0.96442723,1.0949589
0.12177015,-0.7527135
0.503843,0.6799694
0.5371159,1.2921729
-0.0234231,-0.17714198
0.64427525,1.3661989
0.55276793,1.4242309
-0.65390587,0.4504426
-0.55187243,-1.3878708
-0.04110802,-2.770998
-1.0741893,-1.6771793
-0.4479901,0.97910446
-1.1640289,-0.7708287
1.1477286,1.0617416
0.2351896,0.35430434
0.31698966,0.4248718
0.47407946,1.2278552
0.9585765,0.9876378
0.6800013,0.79779243
-0.87024534,-0.9714832
0.001584569,-1.2037066
-0.5387468,0.26388648
0.7822873,0.37696153
0.40611264,0.7671885
-0.09815829,-0.96375954
0.412365,0.3144446
0.3505516,1.1266465
0.122131415,0.3846745
0.776393,0.8390872
0.0037752371,-1.8971877
0.2434824,1.2531655
0.93574125,0.5816278
0.7602317,0.70287913
0.18505676,-2.8556452
0.914301,0.3340331
0.7547936,1.2303675
0.5084612,0.75970113
-0.5559969,0.105441324
0.27321762,-0.12126406
-0.14159927,1.0434886
0.30005404,0.3547996
0.27467534,0.12561093
-0.3817761,-1.2006938
-0.09572353,1.5089251
-0.17981014,-0.21503563
0.12656417,1.5741833
-0.64550793,1.1719612
0.9038835,0.38147694
0.57661796,0.6039221
0.16476028,0.041849755
0.85253406,0.5141325
-0.9396651,-0.25397596
0.14108914,-2.2570937
0.61013436,0.058299668
0.56312174,0.43885615
0.36090344,0.7576745
0.698673,0.6631209
-0.19333826,-0.14978176
-1.5974451,-0.93817776
0.002114294,-0.17783362
0.79614455,1.0967153
0.7034187,0.051173393
0.72745174,1.3778626
1.0297105,1.4165595
-0.025036091,0.7551076
-0.83148146,-1.6200799
0.6275711,1.1754879
0.17020452,0.383947
0.6493418,0.90946347
-0.005793294,1.3409817
0.7337452,0.29090214
0.38327876,-0.38994
-0.19104764,-0.49633163
-1.1544563,-1.4240661
0.37770766,-1.1250864
0.113553114,-0.1789285
0.04122258,1.293886
0.6574431,0.9342884
-0.32065183,0.08356363
-0.73869216,-1.2759982
1.1527737,1.3722104
0.9319125,0.6515232
0.7001019,0.51961607
-0.21251236,-1.075419
0.28429526,0.0635308
-0.80491847,-0.37150264
-0.82015157,-2.174685
0.2726249,1.1334027
0.4417694,0.4014515
-0.13901895,0.7409027
-0.22761491,-0.008605409
0.4981676,0.8458235
1.0154252,1.3421736
-0.08212146,-1.2700021
0.79602563,1.2717606
0.3189254,-1.5294831
-0.09757658,-0.14957786
-0.6648882,0.61566085
0.3455664,-0.53065675
0.29930297,-0.20607369
0.5434868,1.1227888
0.46841773,0.3437399
0.6572979,1.448314
0.696104,0.80709374
-0.17752035,-2.578312
1.139294,1.526256
0.87322843,0.01329819
0.7843136,0.81156087
0.37488636,0.762435
-0.13341409,0.24255577
0.30302504,0.7016723
-0.9675301,-2.1601315
0.91019344,0.45459446
1.0997651,0.3641974
0.7889851,0.8261235
0.11315992,0.8203767
0.8413361,0.806364
0.08900516,1.2678767
0.14602856,0.33745202
0.17755853,1.2876594
0.36893666,0.61591554
0.32955667,0.9426677
0.28942835,-0.28014973
-0.122467,-0.15242368
0.49408594,0.7935037
0.3221538,1.3275187
-0.5437737,-1.2124393
0.76902795,0.54015565
0.16364552,-0.31848708
0.7182328,1.338848
-0.11889098,0.15950741
0.5690606,1.688486
0.001584569,0.29877174
0.4417694,-1.7745023
0.19050965,0.5382708
1.0884161,0.5072621
0.864704,0.67869455
0.51881766,0.58182955
0.25804177,-1.1888962
0.8318905,0.014237346
0.7890115,1.1255678
1.0291067,1.1019313
-0.85316515,-1.1937046
0.19125848,0.17660724
0.4790326,1.1123834
-1.2888741,0.83141494
-1.5743412,-2.0770998
0.5285065,1.1379918
0.5094166,0.5848329
-0.16818736,0.13420135
0.87522113,0.55072844
0.59214246,0.8702474
0.60192627,1.1631979
-0.12635808,0.5800884
0.7826358,1.2505132
0.6264272,0.55067194
0.4442964,0.11481996
0.43753615,0.7920959
-0.06050419,1.0704869
-0.32057038,-0.08426013
0.6401041,-0.021669347
0.5894247,0.18980779
0.11952219,-0.35520363
0.62981683,0.36586475
-0.37026325,-1.4202218
0.5537837,-0.007751376
0.69249034,0.8108234
0.062605105,-0.90654594
0.18990825,-0.14578892
0.1187946,0.8430033
-0.039524816,-0.66233957
-0.32003036,-0.1539085
0.46218842,0.0791011
0.7654552,1.2635632
0.7381059,0.81230044
0.33228844,1.4073577
-0.6174799,0.18387832
0.4695902,-0.106557466
0.7757869,-0.6467571
0.639783,0.11715402
0.39242333,-0.13901521
0.03399995,0.60679436
-0.9845663,-1.9267125
-0.120512314,-0.25694737
0.08807885,0.34410042
-0.8637678,-1.5465592
-0.5248359,1.106636
-0.32770035,-1.6179738
-1.5484061,-2.5765965
0.6921539,0.7639351
0.9190844,1.211241
-0.086240366,-0.4090263
1.3837734,1.0212688
0.23085646,-0.9715952
-0.26805732,0.9876089
0.11078616,0.18235114
0.007944057,0.5660864
0.8314872,1.5862617
-0.298394,-1.0049422
0.5106611,-2.141236
0.41722363,2.2324455
0.21023312,0.5592303
-0.5788941,-1.6886145
0.82988745,0.5832088
0.94303674,-0.21260135
0.07798532,-1.3711356
-0.48804632,-0.07500234
0.6098657,0.9658446
-1.0997497,-2.0864828
0.96442723,0.8338609
0.3159543,0.626858
1.3164682,1.302682
-1.2093886,-2.8025079
0.99832743,2.2907867
0.2779222,0.47160035
0.42384788,0.6660524
-0.30547664,-2.010434
-0.5003757,-0.04370435
0.14929318,-1.4889818
0.4675475,0.6068936
0.64378256,0.94289374
0.1534377,0.5335119
0.59365,0.57814384
0.12221783,-2.701876
0.038280033,0.4251125
-0.86153585,0.28006756
0.89040506,0.62262046
-0.07112559,-0.9007686
-0.80456066,-1.2061228
0.0054891203,0.15927611
0.86654836,0.6892228
0.559112,-0.09800245
0.51881766,1.205859
-0.62860966,1.3984852
0.7807854,0.9705631
0.30281043,-0.09074436
-0.8581724,-1.4409897
0.3021855,-0.5717981
0.5991727,0.36479273
0.9975622,1.1247724
0.24966882,0.23058255
0.89904946,1.2515036
0.17671575,0.47147354
0.16224101,0.20029779
-0.33211502,-1.2706711
0.11331444,-0.34732413
0.5151078,0.64519596
0.04357125,0.099254675
-0.44302863,-1.1970094
0.28577518,-0.439373
-0.8122749,0.3616843
0.38415423,1.11288
-0.49904975,-1.6995327
-0.6669901,-0.606958
-0.18543506,-0.29804704
0.7723708,0.04148077
0.50176203,1.0530633
0.07538117,-1.7863036
0.86253506,1.1049608
-0.646607,1.1528535
-0.043986887,1.176514
-1.7999278,-2.1844695
-0.4250067,-0.031467278
0.7605915,0.5738074
-0.59679043,-1.2668041
-0.39533848,-2.2244499
-1.9069699,-2.2434897
0.54557717,1.0681945
0.60541147,0.27427012
-0.5403362,-1.0159283
0.24553175,0.4921645
0.7409524,-0.14560945
0.6380918,0.7326684
0.06899466,-0.98044944
-0.08356089,-1.020311
0.28432742,-0.13278387
0.961346,0.8304336
-1.8290459,-2.0638242
-0.025984593,-0.62596315
0.5432179,0.37741715
0.06444236,1.8007039
0.45941642,-1.1829613
0.22346036,-0.76276803
1.1248658,1.4915285
-1.0164907,-2.4969976
0.8342773,-0.47499892
-0.9886632,-0.9275164
0.83770496,1.0877898
0.33995682,0.12309646
0.59597343,-0.3973659
0.4711248,1.7754296
0.34585568,0.31950945
-1.3448735,-2.3646789
0.3084531,-0.52410847
-0.40239856,0.68105716
0.30002177,0.6578214
1.4670748,1.4850464
0.728394,-0.5698745
-0.28473753,0.7201589
1.0572413,1.3592442
-0.00061653554,-0.13362713
0.92550576,1.4261969
0.111118145,0.6400017
-0.19264649,0.10078874
0.5573208,0.3119572
-0.21559705,1.0712845
-1.2688171,-2.3231022
0.39396033,-0.11966273
0.02797187,-0.006040919
0.09880025,0.071329705
0.82124025,0.6731091
-0.51603806,1.2193836
-0.79965,-0.24193242
0.0065742936,-0.07352903
-0.33294368,-0.24872775
0.15802363,0.4274741
-0.9532086,-1.6121397
-0.7841896,-0.9870371
-0.42168888,-2.0989718
0.55869794,0.45025605
1.1280823,0.9821301
0.25947636,1.4642003
0.86356676,0.45944333
-0.23137848,-1.326368
0.8204931,0.37161377
-0.043961488,-1.7064596
0.59270877,0.2891731
0.36410606,0.6401065
0.47706404,0.89690363
0.8287625,-0.14177598
0.91581875,0.58330363
1.0102695,1.4078631
0.1622458,0.03574201
-0.0234231,0.18048984
0.02539534,0.046287082
0.8043923,0.5720475
-0.915582,0.044453587
0.24470831,0.8832098
-0.06708722,0.24380909
0.1075697,1.0060636
-0.989363,-1.4388074
0.15100746,0.6222381
0.87125266,0.4202143
1.1832888,1.0062722
-0.2721794,0.26453552
0.4885489,1.3032981
0.8572162,0.7420592
0.9502103,0.8742505
-0.34535387,-1.4227154
-0.13452953,1.149948
0.39909673,-0.13263671
0.7890115,0.87923443
0.17100637,0.92528
-1.1104193,-1.6761043
1.0437008,0.82948834
0.32790047,0.25220218
-0.029545585,0.29677978
0.57661813,0.61584747
0.25804177,0.14755909
0.25210094,0.67654765
1.2408402,1.1265863
0.7394695,-0.014622525
-0.09757658,0.45115447
0.8034977,0.42547655
-0.40616396,-0.28936467
-0.023207704,-0.59337074
0.7722482,0.021670954
0.99661773,0.7845286
0.16441187,-1.4366525
0.83954185,1.1383867
1.0472044,0.4683686
0.7861562,0.8588149
0.62087476,0.54412574
0.8344918,0.9910316
1.0254916,1.8050672
0.207509,0.9272001
0.29075488,-0.48300993
0.42447314,1.0006484
0.03274636,-1.0047016
0.5657883,0.026299765
0.21062048,0.48984835
0.578572,1.3291202
0.63129413,1.4120451
-0.65390587,0.012614449
-0.06270349,0.6191889
0.6621794,1.1860617
0.44712758,1.7429147
0.5568902,0.3898384
0.96353954,0.35270104
0.36510575,0.38915977
0.0971465,-0.2476073
0.16476028,0.40732348
0.058446787,-0.26634848
-1.1732854,-1.1185446
0.52156657,0.5522612
1.2976822,1.1343869
0.2694844,-0.13223392
0.8216003,0.75234365
0.24034138,-0.8673375
0.4344125,0.35989156
0.1553237,0.5204456
0.71362644,0.19089942
0.86324334,1.473804
0.7002559,-0.89563566
0.27835575,0.61171436
-0.6316701,0.22238177
0.31059906,-0.34445104
-0.13220513,0.05344671
0.28518993,-1.9187503
0.9726985,1.633418
-1.8091036,-2.5890763
0.14839669,0.4428741
0.28552568,0.5263236
-0.064648226,-0.98302215
0.39177972,1.579751
-1.3432982,-2.812129
1.0724158,1.0231285
-0.13126169,0.20354109
0.08428883,0.40211618
0.07055949,-1.3617209
0.4622324,0.412485
-0.66489995,0.19578037
-0.5900149,0.41730106
-0.48859593,-0.6279928
0.86304504,0.025389722
0.30960867,-0.79372543
0.43910572,-1.0976956
-1.5181166,-2.4498703
-0.1382884,-2.0426059
0.65441513,1.4153575
0.21854404,1.1621475
-0.16641083,0.74477196
-0.020807246,0.086845845
0.95542884,0.73729765
0.9204609,1.2636415
0.5714104,1.0424562
0.75500536,0.92626154
1.0628748,0.6354258
-1.6912948,-2.5478237
0.3611666,0.6886425
0.76542044,1.0958127
0.09933858,1.110498
-0.4666178,-1.2253592
-0.22147094,0.45747125
0.1514828,0.7875675
0.49386385,0.95672065
-0.060567148,0.3303047
0.29624656,-0.0101908585
0.86253405,0.078341134
-0.42599964,-1.9210119
-0.20644371,0.004888679
-0.106051944,-1.1921368
-0.5054069,-1.83766
-0.41307762,-0.667616
-0.6576262,-0.52264684
0.536105,0.456695
0.3537235,0.36953592
0.7439602,0.7098095
0.398503,0.076782614
-1.0492978,-2.0421705
0.2117096,0.17182542
-0.8642549,-0.36817563
0.2681279,-0.2939959
0.095796295,-2.3538575
0.7929151,0.7903512
0.64341277,0.7419791
-0.4550484,-1.0092278
-0.37138948,-2.1741297
0.07777234,1.3898857
0.009425061,1.230893
0.16709545,0.38752964
0.4598526,0.09132382
0.3431777,1.0008541
0.49286506,1.3550448
-0.66250557,-0.15421002
0.51676476,-0.567518
0.56808287,1.1058499
-0.15678126,0.12570511
0.10906308,0.1197585
0.46851334,1.5615915
0.41001597,0.39485845
-1.0492979,-2.4671535
0.38406152,-0.063547336
-0.383758,0.37604707
0.60668486,0.9972363
0.80826956,1.2989463
0.2957926,0.69312763
0.9880989,2.6643152
0.59424084,0.69121087
-1.2069628,-2.333316
-0.5470692,-0.6210263
0.33616728,0.75283587
-0.05162528,2.051798
0.7182331,0.7561887
0.7914733,0.793308
0.94706434,-1.3585396
0.24197693,-0.40246993
-0.039327107,1.5018935
0.15708278,-0.2145875
-0.30322778,0.7907667
0.6548779,0.1599211
0.46557373,-1.3097165
0.2907343,0.8693705
0.8568967,1.1438782
-0.1261107,-0.355236
-0.5240666,-2.6864371
0.5331494,0.58307403
-0.1685388,-0.8767972
0.95804924,1.0212857
-0.47601336,-1.118164
0.398503,-0.17345881
1.3306963,0.14103937
0.62451935,0.52023244
0.91638696,0.906025
0.7803986,-0.7405805
-1.3038291,-2.2018692
0.20920432,1.2087164
0.7161784,1.505282
1.2955621,0.8496913
0.6134731,1.6745591
-0.00063198246,-0.27888882
0.8353914,1.1206083
-0.024705147,0.19395813
0.06395002,0.31544858
-0.40335968,0.08011557
0.21964657,1.436321
0.10061284,0.22787665
-0.4569625,-0.16195022
0.623326,1.3905139
-0.438431,-0.19096963
0.783707,0.98360467
0.8770532,0.8938729
-0.09424998,0.072898425
0.89801925,0.7975562
-0.72251534,-0.52735335
0.5371159,1.2315346
0.9089646,0.5349496
-0.36410946,0.07106061
-0.2962348,0.059215836
0.36208758,-0.7850039
-0.41423234,-1.5545802
0.71381044,1.0223337
0.20636304,-0.12263764
0.053134687,-2.1440053
-0.045156054,1.3394352
-0.5692783,0.21586831
-0.5201992,0.41080058
1.1850059,0.37698597
-1.1542948,-1.0106448
0.594722,0.6420995
-0.5453418,-0.71749425
0.025584547,0.2512463
0.44244847,0.8317906
0.40515274,0.50664634
-0.050114878,-0.5841378
0.38234013,0.22569963
0.41396338,0.5277966
0.7702729,0.66194725
0.62753123,2.515964
0.07949061,0.34308866
0.36905357,-1.6234463
0.6264272,0.7185301
0.1457917,-0.4171988
0.19487171,0.92209375
-0.11368168,-0.041860953
0.34655765,0.1460004
-0.024808215,0.7696637
0.25307253,0.26692027
-0.27943975,-0.26779708
0.91763854,-0.09194183
-0.2893291,-0.060423233
0.90721583,-0.3771034
0.26813298,0.97620684
-1.4393458,-2.327364
-0.13762267,-0.038320478
0.20617919,-0.43921694
0.7150256,0.926131
0.5594474,1.2356497
-0.026678069,0.5313926
-0.33686003,-0.04163238
0.25947636,-1.2698151
0.5343421,-0.42137834
0.70387137,1.3536371
0.23099868,0.18200448
0.39733356,-0.095020115
0.09656643,1.2151939
0.8647573,1.0815302
0.15662776,0.61592925
1.0337665,1.3885431
0.27174094,-0.024826145
0.51439995,0.6991707
0.6105535,-0.48799694
0.34117323,0.18053196
0.22162344,0.6168067
-0.17288856,0.31138277
0.608135,0.01993467
0.5470055,0.93120897
0.75450456,0.8188103
0.4156489,-0.120989375
0.99081796,1.0465188
0.15786931,-1.7678367
0.43755716,0.5706577
0.96413815,1.1877004
-0.32118544,0.9482635
0.45381945,1.138673
0.86094993,0.6663822
0.09121351,-0.1290622
-0.051096626,1.0273582
-1.0501065,-1.4419701
0.840486,0.89612263
0.37283525,1.0012869
0.6009862,0.47556287
0.12303635,-0.72581476
-0.09898086,-0.36687484
0.029282263,1.8645207
-0.105945505,-0.49337283
0.6672564,0.53888774
0.27476344,0.34046164
0.5850874,-2.1359704
-0.4320953,-0.52223885
0.11392636,-2.1030905
-0.1501661,0.2771428
0.96413815,0.5418511
-0.75797457,1.0785809
1.1279532,0.80913913
1.1288018,0.9743675
0.582631,0.84437203
0.36739722,-0.021329522
1.0284698,1.0111529
0.6052122,0.29781467
-0.5313553,-2.7872653
0.14108914,-0.2660205
-0.34649566,-2.3122406
0.30557272,-0.016662072
0.62979263,0.547682
0.6758676,2.4469047
0.5106611,-2.245928
-1.4975259,-0.58632874
-0.050114878,-0.41482493
-0.17960711,0.26514393
-0.18025719,-0.7755616
0.8408555,0.6271945
0.920121,0.96847224
-0.08383158,-0.71847403
0.11955907,-2.0716836
-0.15910402,-0.9483012
0.108708926,0.78442264
0.119446196,-0.16453873
0.27252582,0.44747162
0.06444236,0.5159441
0.81226015,0.47511813
-0.84652096,-0.73897177
-0.55832726,-0.1708895
-0.043961488,-0.6471323
0.46679595,0.54486376
0.40278542,0.27214056
-0.5437737,0.09320331
1.0893269,0.43960875
1.007924,2.2948952
0.49037275,0.49537066
0.9483283,0.9937599
0.8013852,0.48745397
0.15895413,1.703288
-0.2379796,-0.24758908
0.17566241,-0.8790465
0.34585568,0.75600284
0.49430874,1.3705963
-0.08103966,0.946629
0.53952837,1.2987542
0.65816617,0.68523026
0.6498225,0.44837695
0.3224968,0.210148
1.000842,1.0482334
0.41694275,-0.30878624
0.9482711,0.37022743
0.72312814,0.681886
-0.23368782,-0.5492958
-0.8119945,-0.09181317
0.7504675,0.6307508
-1.9694365,-1.3668631
-0.1305553,0.70822304
0.33528775,0.98495287
0.9125881,0.678062
-0.2693399,-1.3848007
0.29426607,0.14092533
1.0185181,1.0417827
0.3404891,-0.34276098
-0.2805799,0.7382562
-0.1685388,-1.3059264
0.2040544,0.072475
0.66214067,-0.2361514
0.7074075,0.5491115
-0.5575074,-0.57439035
0.32475057,-0.98427284
0.9655993,0.72705156
-0.36118734,0.71511877
0.06285245,0.16232744
0.4210541,1.5610162
0.5018089,-0.3823498
-0.43163025,-0.29301852
0.34497267,0.86270106
0.8860133,0.6628353
0.03537076,0.6463577
0.52320486,0.3754958
-0.14701453,-0.93981004
-0.588225,-0.82151604
-1.0680695,0.28865194
0.045020327,1.3150052
0.2821485,1.0190423
0.32710654,0.7775749
0.2681844,0.5191097
0.94780093,0.8468878
-0.49920154,-0.3210303
0.4238284,1.0143387
0.4249851,0.28075966
-0.27827758,0.76883674
0.3314086,0.9848998
-0.26409605,-1.4719868
0.8269537,-1.0247777
0.80481863,1.0985538
0.44527528,0.42875612
-0.24480818,-1.2744809
0.29414997,0.40401313
0.046880558,0.6868015
0.44709343,0.38238943
0.07366619,-2.1585839
0.20454991,-1.0976775
0.58839846,0.7732182
1.1184889,1.9047649
-0.16301401,-2.4832072
-0.36602628,-1.694164
-0.77246684,0.059599217
-0.2899107,0.08243432
0.33010846,-1.6706985
0.08038937,-0.17722248
0.39989832,-0.875163
-1.60451,-1.9358181
0.84595627,1.3185452
0.10237246,-0.69544595
0.03675159,-0.50138324
0.78313935,0.73749995
0.033616573,-1.4298797
0.67559713,1.1270915
0.4666648,0.67997295
0.87961847,1.3275474
1.0867455,1.1055382
-1.373967,-2.043952
0.26368147,-0.62842685
-1.1227863,0.23481975
0.045074716,0.6371415
-0.3483047,0.07761613
1.1193293,0.8093024
0.69918376,0.2796634
-1.373967,-1.4773189
0.98248297,0.9198176
0.9514342,0.8824764
-1.4531242,0.033123005
-0.11133357,0.52075
0.36867356,0.15726207
-1.169243,0.6593453
1.028502,0.9662695
0.2733736,-0.3592733
-0.20844631,0.29351044
0.35233712,0.2591871
-0.40972248,0.9332169
0.23143189,0.0681125
-0.21935357,1.3581845
0.35576195,0.83536637
-0.52847576,-0.37483892
0.109238274,1.2306501
0.5853925,-0.16114548
0.112098105,0.42100668
-0.52475876,1.2441202
-0.035021715,0.8419425
0.09537246,0.42605698
0.2425326,0.5929068
0.2410021,1.1191145
0.26749408,1.0915301
-0.3599891,-0.8489891
0.3936375,1.0120372
0.15314111,-1.2431495
0.6730333,-1.1686198
0.7748335,0.6380729
0.15232253,1.125741
0.13547021,0.51400316
0.4322007,0.35876042
0.30164889,0.9891684
-0.32303804,-1.8386813
0.53017735,0.9149141
0.8305225,0.98533875
1.1314278,-0.01620232
0.71928996,-1.9533266
0.7560076,0.8129773
0.96585816,1.2716146
-0.025050206,0.057546645
0.10011359,1.3565888
-0.16784932,-1.7474937
-0.5954226,-0.4444486
0.24521695,0.6484424
0.4410368,0.07210233
0.05836218,1.1112427
-0.9200942,-1.8167661
-0.029779563,-0.17420487
0.0065745767,-0.761523
0.7240721,-0.14806198
0.48601225,1.2750372
-0.23215203,0.41921356
1.0867276,0.8694673
0.8207587,0.9324141
0.090192504,1.0689713
0.8486769,0.7281956
-1.4543861,-2.2144752
-0.3041365,-0.89893943
-0.40782222,-0.6785848
0.5709006,-0.048884716
-0.1725749,0.37955597
0.3965089,0.70742595
1.3794084,0.57360333
0.23650117,0.60628855
-0.42543378,-0.21261291
0.3654658,1.1615065
0.031623863,-0.24516024
0.7597763,0.60169506
-0.2590984,-1.4867574
0.7141557,0.5336862
-0.08312618,0.3711885
0.11574323,0.5156854
0.2951987,0.80953306
0.16562957,0.8177326
0.21139061,0.64726585
0.7130557,0.4665929
0.026253076,0.5673805
0.26362047,-0.16083868
0.53892297,1.1726072
-1.2346687,-1.0021197
0.6973068,0.5816678
-1.2069631,-1.3503929
0.8128296,1.0224149
-0.52451915,-1.967109
0.6009862,0.5893543
0.7956253,0.9605641
0.5717529,0.120050676
-0.9396651,-0.54056007
0.71941745,-2.494394
0.5375548,0.58327305
0.84701324,0.60333884
0.11444136,0.7690606
0.6886779,0.6195158
0.25851524,0.036088567
0.57382953,0.9632498
-0.43529505,-1.0034635
0.87453353,0.8679826
0.26219043,-0.08110444
0.4796987,0.24963188
0.12484693,1.1626174
0.3348035,-1.3572313
0.18571068,0.3371314
-0.5610047,-0.60879385
0.8939699,0.33001298
0.12337091,-0.38211447
-0.6458137,-1.4082334
0.27317327,0.21054879
-0.2797807,0.8357228
1.1271849,-0.33560705
1.1027509,1.2405996
-1.5387896,-1.6705663
0.14155959,0.74098533
0.5393718,0.95923924
0.16649123,1.5461153
0.4885489,0.7032676
1.1354028,0.54742295
-0.4802046,0.8902865
1.0401918,1.5084529
0.36238486,-0.09305412
0.19192976,0.25597996
0.7566523,0.8707184
-0.20407148,0.38538298
1.0687732,2.7493768
-1.3664148,-1.7172102
0.80826956,1.1164874
0.7323373,0.9775872
-0.03645922,0.36016417
0.33201435,0.3378644
0.4627323,0.101560585
0.69980276,1.1023697
0.6548779,-0.19699915
0.1642131,0.3609347
0.25947636,0.77708435
1.3837734,0.4205964
0.56319743,0.46002004
-0.37321863,-0.71796304
0.3924019,0.88380486
-0.27677113,-0.9778019
0.033366673,0.5645613
-0.5597764,-1.0355107
0.8207587,1.1437705
0.41680214,0.34376508
0.46049428,1.3064078
0.89695674,0.926111
-1.4704372,-1.8637989
-1.067273,-0.6285144
1.3306963,0.74475914
0.7062757,0.84113014
0.6144323,1.2768831
-0.6316701,-1.960579
-0.84155655,-1.0030301
-0.35971183,0.048320424
0.7702729,-0.055249084
0.52564275,0.6057929
1.2233943,0.709327
0.32076693,0.8984503
0.4224527,1.2379649
-0.9057428,0.49016115
0.14480907,1.1810985
0.7088535,1.1408769
0.28467003,-1.0262403
-0.29411998,-0.3669215
-0.4164305,0.49926016
-0.07846779,0.75974524
0.776393,0.35972166
-0.37741926,0.34456608
-0.21531327,-2.5828216
0.0031132158,0.13644195
-0.35654664,-0.5476516
-0.78648853,-1.6339135
-0.039327107,1.0052775
-0.30793342,-0.7328023
-0.4311379,0.85943115
-0.98499084,-0.91018814
0.38066378,0.67187
-0.57672316,-1.5555605
-1.1939979,-0.4327001
0.696104,1.1752903
-0.06659016,-0.23885666
-0.3335354,-0.8913441
-0.3872628,-1.2690195
0.39163214,0.45088005
0.9934905,0.9544091
0.8331548,1.425535
0.46156713,0.45103085
0.44800645,0.0047222474
0.33107066,0.10619427
-0.85502565,-0.66720295
-1.055706,-2.2215798
1.132004,-0.63392776
0.39119413,1.0502149
0.5169606,-0.2843656
0.5645416,0.49412468
0.7757869,-0.83148324
0.9567,-0.48572844
0.64341265,1.343376
0.6627383,0.9208129
0.83740723,0.828538
-0.3821589,-2.4653752
1.1031821,1.1294211
0.28257355,0.1479457
0.4225586,0.94459796
1.2076946,1.5323926
0.09914956,-0.18288083
0.6496349,1.1208318
0.26001033,-0.092920266
0.73640317,0.11401135
0.41496,-0.30706382
-0.42756197,-1.6696346
-0.5448522,-0.9186197
0.13655254,0.47607648
1.2636445,1.2444195
0.82778007,1.1097109
-0.3653058,-1.9741883
0.4794384,0.39905939
0.4151876,1.43575
0.3449729,0.42479074
0.8397656,1.1829605
0.4274057,0.79525054
0.6883038,1.0066884
0.62299377,1.047366
-0.724259,-1.9013706
-0.09953619,-1.2116442
-1.5878762,-1.4863585
0.0098444875,-0.22585808
0.0945761,1.3197508
0.32710654,1.5117555
0.5295239,0.8299044
-0.26874378,-0.8503321
0.04673761,0.55631477
0.7150256,0.65312046
0.87573296,0.78948796
0.20254451,0.5080574
-0.5707088,0.39002547
-0.037773516,-0.40545657
-0.25326267,0.25323543
-0.17077105,-0.8751091
0.32948473,0.854058
0.24760734,-0.558138
1.0730356,0.8471436
0.91924363,0.8550194
0.18745689,0.2857572
0.91638696,1.4573358
-0.28013363,-0.0721737
0.24637853,1.14106
-0.066875085,-0.4823425
-0.8117972,-1.8219951
-0.30997807,1.0638121
0.24415599,-0.076735735
0.57587373,0.8765321
-0.4178095,0.52480793
0.52989274,1.2472537
0.48461464,0.6618072
-0.10386887,-0.64008355
0.35386223,0.9920918
0.87431884,0.88129747
0.7920783,0.17880613
-0.5223737,0.096492276
1.0190989,0.15296516
0.5078278,-0.27644974
0.40406218,-1.3632168
-1.28495,0.777901
-0.113594666,0.23973416
0.7504675,0.6389235
1.0605675,0.64440846
1.3450563,1.6586212
0.50608784,-0.45446742
0.627248,1.0956371
0.39955473,-0.95890266
1.0894982,0.74374586
-1.1806703,-1.2948798
0.4228303,-1.1756499
0.01866096,-0.4520476
-0.46964592,-1.1760433
0.0100876745,0.26590127
-0.24208587,-1.2593277
0.091183044,-0.8981949
0.5332853,0.35820878
0.35521227,-0.46265414
0.062460817,0.76707244
-0.04185687,0.23004517
0.023705067,0.62610716
0.63594913,0.56174177
0.74860996,0.9633999
-0.10623509,0.91137034
0.04522337,-0.22195846
0.77002597,1.2111944
-0.23490052,-0.84124583
-1.0935258,-2.5445454
0.3712243,0.5582244
-0.49920154,-0.91667217
-1.5326836,-2.2930603
-0.21206059,-1.4385601
0.07675462,-0.6217916
1.1338934,1.0585465
-0.5014443,-1.2710534
0.048868135,-0.28510407
1.2062627,1.6800284
-0.106051944,0.06268447
0.81187385,0.6587553
0.49830505,0.1047286
0.86897427,-0.41017592
0.40531668,1.0489584
-0.9942746,-0.3383533
0.18779361,-1.4430145
0.37984806,-0.8770898
0.32215145,-0.7026202
0.33242694,-0.15996256
0.93897295,0.6063048
0.18425469,0.19057712
0.12863849,0.017959464
0.112968884,-1.0971147
-0.059365712,-0.42829093
0.96660656,1.2217072
-0.33007392,-0.44599414
0.10083728,1.0204779
0.95352453,1.3826844
-1.7798053,-2.341047
0.41207907,0.39627868
0.03780943,0.9602056
-0.35971183,0.02086643
0.5208539,1.0756991
0.30027863,-1.0569057
0.61468375,1.0022817
0.98972243,1.0918498
-0.04185687,0.5214807
0.5026871,-0.44482282
0.33993313,0.2475868
1.0234779,1.0229019
0.07594301,-1.400819
0.334241,0.5931907
-0.12184466,0.7095809
-1.5136725,-0.82699066
1.1613944,1.0628041
-0.775636,-0.8502191
0.58284557,1.4485096
0.5332853,-0.32125095
1.3922008,1.7449028
-0.10124116,0.3001214
0.11131368,-1.0794463
-0.3483047,0.21410231
0.29161522,-0.56966937
-0.2985603,-1.2540292
-0.82766885,-1.0144228
-1.1856408,-1.5540307
-1.2074339,0.03815415
0.44643062,1.100045
0.025495702,-0.4407198
0.96353954,-0.24496654
-0.10892479,0.47440112
1.2038428,1.040879
-0.3200613,0.073402576
-0.15678103,-0.18935743
0.6516989,0.07087886
0.10940074,0.5038262
-0.088824436,0.16834009
0.8295457,0.5936386
0.3480448,0.7448841
-0.029535485,0.90537053
-0.10518161,-1.3328606
0.19801559,0.35003132
0.6089521,0.2343214
1.1443709,0.45005265
0.10859411,0.7295939
-0.6506431,-2.7367098
0.273691,0.33820525
0.48088828,0.3404546
0.7612069,0.5327618
-0.21909681,0.19914417
0.36512843,0.6595535
-0.2695064,1.209177
0.9460912,1.0066496
0.7969225,0.7328939
0.25287706,0.7277921
0.9093906,0.853522
-0.14646396,-1.5679965
1.060264,0.8657455
0.40902478,1.1266098
0.7278023,0.64056325
1.2767181,1.6611472
0.24693538,0.2824853
-0.64596665,-1.3858626
0.48275122,1.3681855
-0.14354432,-0.8790243
-0.9175023,-2.1565251
0.29175922,-0.19459029
0.43531665,1.8898444
0.73465234,0.6723281
0.028474042,-0.9332905
0.63361895,1.51657
-0.2788973,0.63800573
0.023007022,-0.86437654
-0.027862756,1.6920923
0.73882115,0.89772886
-0.42146805,-0.3484998
-0.8119945,-0.9871033
0.11063974,0.6718599
-0.107306324,0.03936211
-0.14811634,0.462102
0.85313064,0.6456241
0.49028495,0.6742167
0.064239845,0.9835518
-0.8239218,-0.684755
0.76664585,-0.15402731
-0.29792,-0.7942121
-0.6361227,-0.8748622
-1.817856,-1.3907509
0.49650213,0.6705174
-0.46377227,-0.03763044
0.23546089,0.5461909
0.22876556,1.784299
0.68684363,1.2783045
1.145496,1.1438907
0.28126886,-0.4122919
-1.2093886,-0.57131857
-0.30002558,-1.2955489
-1.067634,-0.7184046
0.7695578,0.75678164
0.5415235,1.063256
-0.04656519,-0.14063743
0.66186315,0.28278258
0.7750802,1.567259
0.40279996,0.21193713
-0.6684459,0.2806789
0.48481557,0.3190683
0.11849382,-0.05260789
0.22938956,0.25128525
0.5304347,1.3554974
-0.67844933,0.28107774
0.8034977,0.32578582
1.5262817,1.5932133
1.0649551,1.0200279
0.38879845,0.07892622
-0.65732604,-0.36613902
-0.08827918,0.42779174
0.005592836,0.23395878
0.28126886,-1.0027492
-0.39030865,0.24032418
0.40910122,0.6882771
0.26219043,0.3699431
0.62747806,0.7403518
0.77703214,1.2500767
1.1019202,0.84660476
0.6590591,1.7071049
-1.635334,-1.6552025
-0.47349304,-2.2101352
-0.4550483,-0.57776976
0.69951296,0.25469708
-1.3448735,-1.4943205
0.71110463,1.211696
0.18305273,0.9046536
0.94179153,0.8238225
0.39177933,1.107401
0.56892145,1.2358155
0.8989177,1.1264263
-0.008920642,-0.2312261
-1.4649001,-0.8154723
0.3711297,1.1033653
-0.01883623,-0.18291897
0.2320169,-0.10596334
-0.17862917,0.35376924
0.58765405,0.1400767
-0.21190973,-0.96892744
0.8624655,1.0532911
0.91346496,0.9518785
-0.023542875,1.0643678
-1.1234816,-2.0304983
-0.71429104,-1.5625985
0.58192456,0.0917107
0.23168905,0.658495
0.6114101,1.0985191
0.04122258,0.8827679
0.5903032,0.38901985
-0.30160007,0.31985185
0.30300277,-0.5988513
-0.7064839,0.892144
0.11068519,0.8985319
0.8186447,1.3402328
0.6679432,0.95340645
-0.0063732695,0.09884588
0.70412433,1.1797757
-0.13277459,-1.1809691
0.69581014,0.6051866
0.02622228,0.40562347
0.6586539,0.54285926
-0.4127455,0.72176033
0.28942835,0.8720235
-0.12180692,-0.008348908
0.2883015,0.040017057
0.15177442,0.616167
0.065923996,1.2943255
0.19053282,-0.2787758
1.0063757,0.8605385
0.4831389,0.47256416
0.54579026,0.8301993
0.667703,0.6996551
0.3841025,0.5493446
-0.16155772,-1.7402178
-0.28473753,0.4475932
-0.71983486,-1.3946539
0.14353733,-0.016226502
0.87083,-0.30703562
-0.13254751,-0.24239253
0.6443139,0.79683506
-0.33007398,-1.2144332
1.3347037,0.42293435
-0.52036977,-1.7634974
0.22543524,1.6453902
-0.78327805,0.31557557
0.737345,1.6713086
0.16043799,-0.18657377
0.68632627,1.030022
0.43253416,0.7491171
0.56568605,0.6351525
0.28404227,-2.4024265
0.6310252,1.1506115
-0.11062379,0.5431884
0.66162163,0.9793872
0.4850649,-0.21222952
1.0693722,0.94630253
0.55540586,1.736464
0.79178655,0.7774249
-0.15667222,-0.14102562
0.8898027,1.1612962
0.15785347,0.8078238
0.88030434,0.7229185
0.100455515,0.71011925
1.0934271,0.67582977
0.7109883,1.4020438
0.53895336,0.8853537
-0.30322778,0.93596774
0.45219287,-0.3185631
0.7868901,1.3163526
-0.50360376,0.47714144
0.78353655,1.0085998
0.38287464,-2.018778
0.6514774,1.3862121
1.1543959,1.3410645
0.47943297,0.66883457
-0.2140552,0.1796384
0.8313264,1.2637658
0.7732026,1.1073545
-2.1345131,-1.7949524
0.826954,0.24198794
0.64378256,1.0987717
-0.0119807515,-0.64532703
-0.026677286,-0.014344076
0.32722813,1.3015114
1.2064278,0.88750505
-0.41336223,0.10412716
-0.2185573,0.7489188
0.39242333,0.07875043
0.08101813,0.12682733
-0.21917187,-0.7169543
0.41396338,0.9223761
0.18745644,1.3215929
1.2064278,1.6645335
0.536105,1.5799469
-0.9400629,-0.7573058
0.13018698,-0.31365955
0.5747638,0.7067749
1.1498572,1.154549
1.0763094,1.0041839
-0.27091226,0.43752605
0.16585128,0.63845897
0.15834111,-1.3789761
0.6198265,0.32075074
0.20192005,-0.7879651
0.40995023,0.49010077
0.66487783,1.2203487
0.11604654,0.79238695
1.1683027,1.3039223
0.17494138,0.2979461
0.5802199,0.77663463
0.15427485,0.74834245
-0.2925652,0.67882013
0.80123305,-0.57506716
-0.2640661,-0.9873788
-0.33452147,0.9083713
0.061921246,2.1030989
0.11343042,0.56385684
0.14282225,0.9103913
0.5614283,0.9596191
0.7656943,0.8901258
1.0331918,0.22279535
-0.23003414,-1.5859982
0.8463972,0.73250467
-0.123337284,0.26643023
0.50012827,-0.2949858
0.08998655,0.7334716
0.2840596,1.7230124
0.6831027,0.3216545
0.9303606,1.2875576
0.7143964,0.4313229
-0.444153,0.9845859
0.12281778,0.12275236
0.5823353,0.53396773
-1.165572,-2.018321
0.16652288,-1.902569
0.34558335,-1.0311724
0.44792718,1.1275166
0.7058259,0.46152183
1.1830453,0.92157
-0.06164649,-0.69984955
-0.103333004,0.82033336
-0.26986948,-0.054339565
0.5403513,1.3366845
0.49945506,-1.6594168
0.63383,0.1534414
1.0385343,0.47638726
0.058446817,-0.027424652
1.237462,0.69513506
1.0912921,0.4405029
-0.5090652,-0.9863464
0.15660831,0.5450953
0.31655005,1.1828741
1.16334,0.4165429
-0.071952336,-0.7598044
-0.43067735,2.742255
0.06481613,0.41687885
0.24023347,0.01948599
0.16107142,0.69194156
0.8269539,0.53323305
0.6114101,0.9028322
0.9404186,0.49169722
-1.4399359,-2.2008173
0.7966314,0.28289533
0.22521283,0.31437758
0.04673761,0.46060866
-0.6274755,-1.1518345
0.703844,0.6157959
-0.6569468,-0.28933644
0.98233134,2.2194574
-0.40252107,1.427283
0.6444148,1.0299126
-0.13939312,0.29653195
1.1290424,1.1357993
-0.31793946,-0.9119379
0.79991966,0.94128644
-0.25502464,0.6226072
0.6248643,0.33069313
-0.47517982,0.03768702
0.506452,1.0876251
-0.33029798,0.48265755
0.6800018,0.8306728
-1.014039,-0.6522238
0.32600906,-0.2494015
-0.4423819,-1.0648819
0.48447916,0.8716232
-1.1960318,-2.0951126
0.09400373,0.30668673
0.06842721,0.213049
-0.4527641,-1.5283793
0.026197968,-0.2092612
1.2074087,1.2599536
0.28544727,0.07025786
-0.29848307,-0.324577
1.2064278,0.8470556
0.57331234,0.58641535
-1.2722794,-2.730124
-0.6768819,-0.4235053
0.17952852,-0.4272865
-0.088741064,0.19282661
0.24591388,0.5418005
-0.69138414,-2.6772313
-1.2425054,-2.7184908
0.9089889,1.4497612
0.19422631,0.20915556
0.07719569,0.6935603
0.7949615,0.7702606
-0.20210557,1.3094057
0.22046672,1.4354845
-0.2559303,1.2609867
0.31402835,0.31859356
0.615302,0.12381206
0.39080513,1.2329123
-0.3366966,0.26813602
0.4002529,0.9440825
0.69249034,1.1253886
-0.6751303,-0.051292498
0.69581014,1.5176176
0.19682771,-2.6599026
0.48415574,0.37002003
0.72164655,0.74748254
0.797373,0.6790509
-0.8387555,-0.6681919
1.1232871,0.84524965
1.2545779,0.7138419
0.183528,0.43862462
0.6172359,0.8617329
0.38455364,0.27355096
0.6354679,0.97494704
0.550303,0.12431522
0.75347865,0.95158774
0.5385402,1.3399227
1.0860925,0.5496375
-0.056087017,0.16060129
0.34099972,0.9736971
1.3794084,1.1275263
0.49028495,1.1343902
-0.123777956,-2.0368564
0.73465234,1.351269
0.19975851,1.0424737
0.41573653,0.06598471
-0.46216297,0.46443424
0.26813298,0.98982173
-0.60394716,0.64997864
-1.3298364,-2.160894
0.7185951,1.096378
0.8426403,1.1428903
1.2647878,0.7672912
0.26581848,0.67691743
0.1871029,0.061702948
-0.2091956,-1.1376524
0.19801559,0.19349045
-0.18291894,-0.17065504
-0.026916195,0.28093415
0.24693538,-0.5786004
0.07292093,-1.0764023
0.01600972,1.4928209
0.09909726,0.90640867
-0.49141693,-1.0159764
0.83703816,1.1861882
0.7260011,0.1722756
0.8111641,0.33863366
0.2777715,-0.3320637
0.83049315,1.2075711
-0.1803102,0.40350512
0.3806635,-2.80537
-0.23635265,0.4910077
0.26701564,-1.0997617
0.49618593,-0.36933562
0.4796125,1.1217954
0.9258917,0.38107237
0.02475044,0.39667803
0.60821444,2.02202
0.026279999,0.3882749
0.8596508,0.730472
-0.9294012,-0.94133157
0.3529505,1.037321
0.28209564,0.39093226
0.6787325,0.7790904
-0.9856429,-0.34007993
-0.00012399815,0.3716707
0.6272065,0.9069164
0.7113397,0.5833341
0.60668445,0.6901544
-0.10518564,0.91695386
0.6587049,0.7114467
-0.11400149,0.34214285
-0.34104034,0.46935904
0.9303606,1.3289083
0.2546679,1.3842834
0.28544727,-0.17861259
-0.10963421,0.008537084
0.66844803,0.42604548
0.031242738,-0.9989033
-0.05736965,-0.44825655
0.84717923,1.076865
0.80731785,-0.9053264
0.26605463,1.0295161
-0.18645793,-2.8352983
-0.16905226,-0.8535844
1.0635056,1.0573568
0.4212617,0.93438536
0.21608679,1.0546045
-0.11214184,1.1254437
0.69832855,0.7700621
-0.057536546,0.35962346
-1.5395478,-1.9556408
-0.063750625,0.6585674
-0.0518416,-0.8292313
-0.50907445,-0.9214425
0.6574431,0.19625589
0.2946229,0.0572352
0.91621,-0.06563097
-0.25868022,-0.45633924
0.30649483,0.499978
0.8516636,0.9159144
0.2747636,0.33240068
0.94973147,0.8724236
0.3719637,0.96432453
-0.5699828,1.0752695
0.6923973,0.3806099
-0.08463228,-0.860573
0.51907784,-0.062254597
0.16410463,-1.3451846
-0.4761396,-1.2389126
0.44643062,0.5941456
0.2786068,-0.6920579
0.56877536,0.8642725
0.9433088,0.7606556
0.43147102,1.1112653
0.5430514,-0.8645373
-0.49606717,-0.7764646
0.039802447,0.5835855
-0.9675301,-0.5228041
0.7057454,0.67744994
0.99614555,0.9960026
-0.6682863,-1.072743
-0.34609962,-2.2368789
0.2819815,0.8335348
-0.24996065,-1.5676908
0.47478107,-0.5447442
-0.39924386,-1.1895502
-0.15222149,0.6238054
0.39251173,-0.3397809
-0.88286686,-0.5257741
-0.40252107,-0.54108006
0.05214598,1.8835729
-0.10386772,0.38058925
0.45999876,0.9658546
0.76135784,0.8301144
0.095516466,0.7298593
0.79264694,0.76720756
-0.05932241,0.38040078
0.009656003,0.21238288
0.3076866,-2.6655252
-1.6440861,-1.9045023
-0.45364168,-0.50420034
0.3685262,0.93317235
-0.13258092,0.20158172
0.7757869,-0.22073814
0.21819122,-0.8804974
0.3537238,0.56290215
0.64427525,0.24225436
0.12215511,1.1313684
1.257919,0.67636317
0.27347982,0.7206906
-0.23886071,0.8144817
0.21089295,0.4970371
0.8409175,-0.6406678
0.41225323,0.41216683
0.96351624,1.0093952
0.35386223,0.32418546
0.42110175,0.23634835
0.1898241,-1.1661673
0.6130721,0.362734
0.0889678,0.0767275
0.3548401,0.14531405
0.741281,0.66567427
-0.44467768,0.26245567
0.65106916,0.579049
-0.31441095,0.49091804
0.88423246,0.95550674
-0.13217194,-0.31163892
-1.1655992,-2.494148
0.15594795,0.62644374
0.13035859,-1.9717371
0.4179287,1.833212
1.2314686,1.0038506
0.2713153,-0.7421653
-0.6316701,-1.0251682
-0.71915454,-2.037548
-0.13994494,-0.83693236
-0.45504823,-0.5914161
-0.9654242,-2.5902379
0.708866,1.2539763
-0.011134377,-0.11413068
0.37962717,0.10128439
0.73742443,1.4511027
0.16556619,-0.091215394
-0.13964689,-0.14909829
0.8018052,1.241991
0.33189937,-0.07889322
0.8125945,-0.17394954
-0.009288585,-0.17699802
0.60686135,0.60516334
-1.3585987,-1.7200682
0.64668065,0.8309986
0.5388945,0.22173977
-0.3481895,0.0088594
0.22598569,0.15551306
-0.6299717,-0.5588867
-1.0935258,-1.6150161
-0.46823874,-1.2087746
-0.17505533,-0.38181847
0.20499572,0.35736498
0.7577922,1.2473605
0.4843658,-0.6595625
-0.43991613,0.86183983
1.0884461,1.1423174
1.3715997,0.9115377
1.132348,0.55284965
-1.024182,-0.84931123
-0.03591716,0.41496247
0.15608002,0.7111038
1.1848872,1.1291528
0.92848736,0.9688974
0.51439995,0.642354
0.6885766,0.47539178
1.1290424,1.4242287
0.36902967,1.6601391
0.12177015,0.43568897
-0.02552641,0.13065888
-0.66578645,-0.11857745
0.7711086,1.3436372
-0.13208127,-2.567046
0.58041936,1.6907581
0.16120793,1.4822544
-0.16876855,0.6235004
-0.28051266,0.24227297
0.3940702,0.5136102
0.4911774,0.46144414
0.11250497,1.4301654
0.4775819,0.65822995
0.11955907,-1.5843915
0.86479855,0.72693396
0.8402947,-0.31951737
-0.3037158,-0.12717961
0.67040986,1.0936327
1.1227361,0.88018197
0.446124,-0.32044393
-0.0829496,0.28872147
0.24390377,-0.104187965
-0.2603739,-2.3085623
0.44871414,0.8002148
-0.8276683,0.49235454
0.7177556,0.96397585
-0.36339766,-0.5885447
1.0197589,1.2952824
0.16608657,0.27778503
0.29646745,-0.8324844
0.12658714,-0.04669249
-0.8736069,1.2306021
0.8348446,0.6334578
0.46521434,0.7961498
-0.27200752,-0.6336234
0.89976615,1.2583258
0.34605366,-0.49247473
0.02500244,1.488002
0.6735545,1.0797452
0.08913665,-0.8775727
0.2779222,0.6702722
0.7103095,1.4259775
-0.01287494,0.099093765
-0.026781274,1.1688186
0.47722515,0.3696822
1.3539292,0.9829038
0.5904874,-0.35871357
0.40827847,0.77644795
-0.6407636,-1.159594
0.029222941,-2.14941
0.029932847,-0.4327099
1.009471,1.4666259
0.8672542,1.0017004
0.64168024,1.0564803
0.19490428,-0.84569746
0.028508691,2.5256395
0.7827146,-0.595629
-6.825104e-05,0.37002316
-0.23083322,0.11879806
0.74907345,0.48601654
0.20071845,0.073708475
-0.38788235,-1.3250153
0.58450127,0.97811323
0.96353954,-0.3769108
0.75607896,0.23407069
0.11250488,0.6573027
0.8838374,0.9801871
1.1999543,0.6464384
-0.8357803,-1.0003206
0.46677613,0.6785716
0.20570274,-0.91708094
0.10836791,-1.1714113
-0.36739582,0.27400792
0.0451108,0.5333576
0.7220227,0.71617526
-0.32556033,0.36448207
0.3189254,-1.0273311
0.82120764,0.8939552
-0.0023235176,-0.88058406
0.87103516,0.9068764
0.8077232,0.1131985
0.80944455,0.83140695
0.86230665,0.3416522
0.06762846,0.66153264
0.46997538,0.7544363
0.14095217,-0.024298804
1.2314686,0.65733165
0.49829188,0.08946723
-0.22554858,-0.021685768
-0.17299603,-0.9710897
0.6081525,0.8104975
-0.7527153,1.3881615
-0.12891725,0.39683998
1.1027509,1.1168193
-0.036378734,0.9777781
-0.09321383,-1.0913937
0.4536109,-0.8918872
0.69180423,0.30304524
-1.1295667,-1.3770986
0.2915742,0.3603034
-0.42566094,-0.4456893
1.2905595,0.9220148
-1.0677221,0.015220068
1.0311413,1.1635448
0.29646745,-0.10516671
-0.41018453,0.10952047
0.671864,-1.9057052
0.4806747,0.09726189
-0.51740247,-0.19014479
0.8331548,0.5419259
0.32745376,0.7544521
0.07387663,-0.85510284
-0.23264922,-0.24840033
0.77905554,-0.49805743
0.16750617,1.035578
-0.70341676,1.1370856
0.14443828,0.59522074
-0.020540213,0.7792922
-0.629446,-1.2177184
0.57862645,-0.21436986
0.41311857,1.0849329
0.13572459,-0.14591539
0.913668,0.876107
-0.4207349,-0.24378943
0.1919265,0.5044593
1.3403583,1.4191283
0.70836806,1.0259928
-0.13960493,0.056416918
0.91346496,1.2579391
0.008006049,0.13902377
0.52192605,-1.8542793
0.7084664,0.040291447
0.40999976,-0.20821373
0.48040375,0.83112323
0.6160513,0.519024
-0.5675465,0.06118695
0.98473805,-0.22839732
0.6021496,0.60895294
0.5609172,1.3668389
0.6717645,-0.39567363
0.74459684,1.1518756
0.07570558,0.8561456
0.72363514,1.1207317
0.14602856,0.15420544
1.2181683,0.0026120348
-0.4735554,0.43183798
0.9357411,0.69652325
-0.42568284,-1.5103198
0.6630924,0.24180953
0.79536575,0.89914656
-0.35784838,-0.46791843
0.47418687,-0.16364191
0.062461324,-0.71867114
0.3314039,0.075689346
0.7025417,0.40776718
0.72464705,0.8937341
0.8823692,0.34074625
0.5429294,0.6864399
0.68701565,0.90941745
0.46904597,0.9226757
0.09698623,0.10062123
0.84374446,0.031744555
0.505592,0.78740275
0.30845302,-0.8162117
-0.027614757,1.3614509
0.02232617,-0.12744193
-0.067305885,-0.52760106
0.27357504,1.0879225
0.18214372,0.86636084
0.4550534,0.6114345
0.6557769,1.172556
-0.055814534,-0.095200546
-0.38270488,1.0287547
-0.7002262,-0.5848493
-0.3928371,-0.36116347
0.06351605,0.41356716
0.39238924,1.62879
0.7854674,0.9848016
-0.75674665,0.97987497
0.48650035,0.5655703
0.87334776,0.5452048
0.24675132,0.28852308
0.2574114,0.64213526
-0.30846602,0.5051799
-0.9749022,-0.46806288
0.8653408,0.8398479
0.20570274,-1.7767105
0.5981064,1.0423899
0.72363514,0.7948933
0.4931048,1.102131
0.7467023,1.0243044
0.8765954,1.2975897
0.3331526,0.63324255
0.0712528,0.5550059
0.32475057,-1.4591335
0.26314718,0.16987346
0.8906673,1.3841273
1.2402208,1.37226
0.8313264,1.1174867
-0.026003117,-2.4820352
-0.4080306,0.3500108
0.67559713,0.939869
-0.46377227,0.17922394
-1.1939979,-1.0948666
-0.69203687,-1.2777506
0.16547897,0.87374073
-1.4502138,-2.2347524
0.42850164,0.9393994
0.3455664,0.087923214
-0.18258934,0.32475716
0.84282416,1.2398921
0.36984053,-0.12808338
-0.32085976,-0.44261944
0.20208168,-0.02370649
0.23363285,1.2093143
0.87681925,0.5869568
-0.09866979,-0.32887474
-1.0947385,-1.1527914
0.12012782,-0.24306872
0.051275916,-0.06652439
-0.44040304,-1.260686
0.57315886,0.2036758
0.62844986,0.641844
-0.94931364,-2.4840922
1.2381291,1.0326098
-0.041050874,-2.5121794
0.39919907,-0.5307258
0.9584907,-0.10138544
-0.047612205,0.34454402
0.16923505,0.44255725
0.98262745,1.0029322
0.8980194,0.69489205
0.042477228,-0.21321115
0.1919265,-0.61146766
0.39160788,0.6474699
1.0693609,0.82431865
-0.01813647,0.513568
0.5903032,1.4315562
0.49183294,0.37202308
0.18146335,0.94207287
-1.1365036,-1.9917976
1.1163439,1.0291743
0.36769965,-1.0908183
1.2466158,0.57248485
0.8214524,0.93905354
0.1692351,1.4081789
0.43999127,0.00055611186
0.73185396,0.8354624
-0.072886504,1.079514
-0.12670529,-0.68121266
0.91346496,0.7108614
-0.09184106,-0.1350167
0.06847354,0.044337817
0.4194155,0.59866923
-0.9851976,-1.1643949
0.72616225,0.8187846
-0.035495132,-0.5183314
0.06835417,0.705585
0.29728132,0.7205139
0.32839832,-0.5638021
0.3215031,0.37351775
-1.0709294,1.1364527
-0.4250067,0.43881536
-0.4529393,-1.1758672
0.106246494,0.43144473
0.9970979,1.2075062
-0.047621824,0.123313405
-0.039521486,-0.68983144
0.43548614,0.55838716
0.8928716,1.082676
0.29776976,0.98514706
-0.050461054,0.5391005
0.11102582,0.10575773
0.86717236,0.80183077
0.2953789,-1.4371382
-0.70146304,-1.0436529
0.021936337,0.21493813
-0.4438076,-0.86595774
-0.5644031,-0.018224863
0.78983617,0.20335896
0.44709343,1.3906796
0.27434057,0.591262
0.3841025,0.65196574
-0.09609683,-0.84925836
1.265594,0.6207411
-0.7899932,0.22532554
0.2825735,0.15808706
0.6630924,0.45616102
0.27252582,0.20520729
0.6241611,1.0274591
0.20999677,0.6134636
1.0544949,0.851779
0.5238736,1.2389915
-0.48191792,0.038368136
-0.026003117,-0.40698227
-0.26986948,-0.3412717
0.83651793,0.9483909
-0.26284745,0.13851687
0.62694603,-1.31968
0.014469346,0.26578256
0.62087476,0.6005065
0.907162,1.6285416
0.7838121,1.2340019
0.09059146,0.50083625
0.5806328,0.34670386
0.5464601,-0.18098757
0.2042553,1.0643065
0.430541,0.5724731
-0.31656677,0.021132927
0.3460536,0.08993638
-0.60635734,-0.028628461
0.43934003,-0.43753916
0.91437405,-0.52296364
0.777159,1.0347456
0.27756587,-0.23319593
0.5678796,0.022269856
1.1018976,0.71262467
0.56999516,1.4113736
0.7150256,0.42669883
0.17214815,-0.47726217
0.46521422,0.49827027
-0.17572232,1.5406092
0.08968043,0.9879521
0.7155939,0.9561801
0.16562957,1.3590473
0.95215726,0.86304766
0.5295239,0.6188615
-0.46506807,1.0927483
0.47288784,-0.9775634
0.7959207,1.5351303
0.8043923,0.7602435
-1.1721725,-2.0853384
0.56978,-0.20126659
1.3290471,1.7837596
0.58765405,-0.26872998
1.127048,0.8578917
0.21044414,0.12511796
-0.029372877,0.54231906
0.85557,1.067791
0.92086905,1.1986251
-0.5705047,1.0179371
-0.34609962,-1.5401304
-0.12598123,-1.0503385
-0.01876522,-0.265783
-1.3038291,-2.0223615
-0.9328135,-0.14980498
0.071904086,0.37094045
-0.6909967,-2.1417782
1.0109605,0.631957
-0.21861833,0.015482923
0.46048734,0.4538336
0.7309286,0.46581623
0.7754994,0.7344717
0.72244364,1.1734371
0.3160074,1.0592108
-0.12905535,0.17900015
0.7196895,0.6350127
0.72465074,1.4148664
-1.0188,-0.94262487
0.24812289,0.28183654
-0.4078966,1.1069993
-0.21937253,0.022655275
0.10169005,0.7369964
0.52982676,1.3012226
0.38175952,0.3584185
-0.4977149,-0.5701115
0.6921489,0.56623346
0.44792718,0.5062389
-0.593948,-1.4127315
-0.3071513,-1.0280603
1.1041934,0.19061697
0.13258746,1.0050169
0.7913403,0.43319926
-0.59542245,-1.6802678
-0.4078733,-0.30036256
1.028847,0.75162876
-0.06486274,0.51925176
0.3760199,0.53886396
-0.63499326,-2.2225518
1.159545,0.50918543
0.9483283,1.1973616
0.55434656,-0.8359615
1.0327382,1.0127274
-0.0078306515,-1.0193667
-0.57386124,0.67195696
0.6106706,0.047527302
0.8421552,0.9507935
0.31698993,-0.59430647
0.792889,0.99097735
0.15908386,0.66852015
0.3737481,-0.26482856
0.83748245,0.68135715
0.45918557,1.1320767
0.8944812,0.48692256
-0.103850566,0.62018734
-0.33319023,-0.026544016
0.41396338,0.48076424
-1.4410627,-2.7244365
0.027629321,0.6975758
0.67279476,-0.33506402
-0.71715975,-1.0386993
0.6880445,1.6451331
-0.13960484,0.5735506
0.49386385,0.84489036
0.6163727,0.6980058
0.26140422,-0.23059845
-0.13491498,-0.080494635
-0.16910131,-1.5677418
1.0364771,0.49105835
-1.1529524,-0.7810445
0.2235807,0.6845924
-0.66975737,-2.2119343
0.027629321,0.45137328
0.5822002,1.2287774
0.59270877,0.25781503
0.07982411,0.017801968
0.63926077,0.2509281
0.22651984,0.6153785
0.058029875,0.34990963
0.7654552,0.94686735
0.273691,-0.10606395
0.19201928,0.30582944
1.0708445,1.2830738
0.16809313,-0.8513258
-1.2988424,-0.1549133
1.2583678,0.2698397
0.53355896,0.5718254
0.5680828,1.18869
0.27317327,1.416448
0.2335607,-0.18927725
0.40903962,0.15306321
-0.299046,-0.2253022
1.0903491,1.409106
0.3179569,-1.7875113
0.98973423,1.2832099
0.7645189,0.2214117
0.025786674,0.05354158
0.78854007,1.5857068
0.8877142,0.2743469
-0.66223854,0.031883948
0.5078019,0.6602615
0.6171285,0.53984064
0.6889909,0.77447444
0.19255474,-1.6976397
-1.0142803,1.9318177
0.9089646,0.8850905
-0.16334979,0.6816573
1.2533045,1.0182965
0.4973146,-1.8805916
-0.35819295,-1.645283
0.6052122,0.65256226
0.80193883,0.60775846
-0.7176046,-1.9497522
0.8457878,-1.9682968
-0.36522472,-1.4614459
1.2432281,0.6454396
1.0030255,0.28841877
-0.21533878,-0.016514018
0.3523372,0.30349186
0.8018052,0.77250457
0.026197968,-0.32889262
-0.20565474,0.90356785
0.011487847,0.6960851
0.36547545,0.8569705
0.5424757,0.98028415
-0.19261436,0.749634
0.29841718,-0.52200973
0.57862645,0.40764722
-0.77069044,-1.7258033
-0.008746481,0.72324544
0.27345985,-0.026345631
0.7914733,0.7263691
1.1815623,1.0010422
-0.27739775,-1.4548583
-0.24417193,0.15525635
-0.59235424,-0.2603245
0.33693576,-0.6748839
-0.19810213,-1.0119874
-0.13741362,-0.31243375
-0.09913124,0.6539597
-0.39523965,-0.018368397
0.097922735,0.19544798
-0.7374491,-1.112465
0.64540505,1.0293261
-1.0142802,0.6064613
0.06258801,-1.3544161
0.7138068,-0.8998728
1.0512323,1.5368054
0.09106334,-1.0732142
-0.6479679,0.031631093
0.42062157,0.08175012
0.3156664,0.1204023
-0.32902464,-0.9245354
-0.4953153,-1.0500709
0.15837507,0.35953516
0.522776,-0.81386536
-0.552578,-0.77561843
-0.1684433,0.86449945
0.893809,0.45359093
-0.45357198,0.5481723
0.63020706,1.015745
0.58450127,1.1756662
0.5836422,0.99225175
0.7004083,0.9790128
0.28377292,0.22155875
0.71968937,0.973283
0.5403516,0.4114928
0.38951126,0.5161113
0.49927858,-1.2354271
0.31466132,0.36402804
0.35908014,1.793992
1.2095519,0.1394466
-0.18370683,0.4590434
0.33807278,1.0654018
0.33201435,1.1238904
0.28404227,-2.2520468
0.58192456,0.19647835
0.54997325,1.0406529
0.9976788,0.96975917
-1.0476693,-0.361253
0.41496,0.36737967
0.064815894,0.0972052
-0.9434556,-0.824719
0.704659,0.57982993
0.3455934,1.2010072
-0.20059955,0.9846664
-0.034971476,-2.126287
0.8692073,0.52233636
0.7763826,0.5914537
-0.2064592,-0.25197566
0.016062519,-1.6535167
0.21661429,0.8765258
0.6905825,1.3557256
0.32300332,1.1789573
0.7536807,0.5654184
0.41250604,0.7825338
0.42422464,0.43308645
0.02707232,0.37453252
0.3518793,0.1907975
-0.024705147,0.15620498
0.64807576,0.69268036
-0.2695745,0.60390025
-0.21164471,2.576435
0.64394855,-0.19662145
0.67017573,0.34656915
0.9986264,0.93670356
-0.6859965,-1.7959566
0.8421042,0.2751357
-0.6771999,-2.188849
-0.34703428,0.7067568
0.7142188,0.5666524
0.75802994,-0.48051932
-0.5624776,0.7446807
-0.6175458,-0.046055105
0.694117,1.0772105
-0.008567138,0.72072667
0.041036062,-0.8911862
-0.37950864,0.93053466
1.3403583,1.5777187
0.877053,0.098778084
0.72745174,0.5823695
0.80911934,-2.6049795
-1.0526038,-0.29940054
0.7142446,1.4391009
-0.6479677,-0.32535723
-1.0051833,-0.82788473
-0.7499953,-1.1944488
0.62747806,0.9902887
0.9405739,-0.06789495
0.19185646,0.5485715
0.32185343,0.53021455
-1.055706,-0.60310227
0.43755716,1.0769336
-0.30759194,-1.2958653
-0.38696986,-1.5485036
0.82086223,0.8173054
0.39531115,1.1479105
-0.76026416,-0.22836362
-0.5374886,-1.0986542
0.36248118,-0.43857095
0.25742954,0.37817574
-0.1371357,-0.7732236
0.24893351,0.8732941
-0.6560741,-0.30243948
0.6775856,-0.17774348
-0.38324034,-0.5479275
-0.84862334,-1.6780888
0.524382,0.98104143
-0.4280693,0.31695026
0.6086106,0.17203131
0.055615157,0.27642453
-0.20543906,2.0172768
-0.2590984,-0.65054226
0.042114936,-0.36769423
0.6202732,0.029635955
0.072813764,-0.33156687
0.36458263,0.740454
0.6349515,1.015658
-0.1725749,-0.91313255
0.9303606,1.165258
0.40641776,0.6627539
-0.82015157,-2.8634512
0.91678464,0.82087326
-0.11778957,0.3373189
0.9858989,0.7718355
0.32220247,0.9707407
1.0535418,0.5331904
-0.1725749,-2.0669193
0.4885489,-0.354297
0.67345893,0.5083394
0.116857134,-1.4146588
0.81187385,0.5874671
1.2229189,1.4407457
0.45219287,0.6428874
0.50268406,0.3794159
-0.60339624,-1.509685
0.2009324,-0.49623108
0.16140842,-0.018479269
0.38175955,0.9489752
-0.8314815,-0.4561108
0.5137686,0.99063927
0.5770487,0.80988526
0.6384086,0.38843912
0.29161522,-1.1762482
0.84231454,0.14358535
0.26840863,0.8068482
-0.16462085,-1.4215809
0.8668092,1.1757689
-0.06244445,-0.22282903
1.1329037,0.5459751
0.7003838,-0.870914
-0.84401864,-1.6845753
0.47515377,-0.10105662
0.83184654,0.5774608
-0.22018681,-2.4737756
-0.16269743,0.14742523
0.4794332,1.5943178
-0.12514813,-0.021473963
0.061564714,-0.092099704
0.73579925,1.0494576
0.48624524,-0.22962585
-0.3924127,-0.61396426
0.67451435,1.4164765
0.004714502,-0.19357939
-0.7158886,-0.75271297
0.053929433,-0.40149754
0.8616385,1.2239836
-1.0600871,-0.22268844
0.25601485,1.0115082
-0.9231004,-0.03611546
0.158714,1.1450446
0.49731454,-2.5120122
0.9254026,0.7086298
0.7660159,0.66125715
1.0108374,-1.6870452
0.79495126,-0.6189699
0.0684273,0.22768387
0.47265807,0.08206696
-1.4531242,-0.878672
-0.96976995,1.0232592
-0.5897481,-2.0965743
0.4979532,0.7175733
0.1369303,1.3357868
0.6823902,1.4930686
1.2862797,0.8749869
0.64868474,0.9837783
0.02769207,0.68172044
0.3656681,-0.75635517
0.5624569,0.89796823
0.67767537,1.4927858
-0.1805877,-0.41499218
-0.08432605,-2.2580526
0.35857227,-0.63757557
-0.3340319,-0.889547
-0.18722005,0.6766107
0.64036924,0.8556524
0.30577227,0.9527125
1.4989152,0.3952418
0.51439995,0.43575254
-0.2983936,-1.7639115
0.53438514,0.7071456
0.39937785,0.9946681
0.3336585,0.5933011
-0.67304784,0.08350054
0.89083654,0.92797375
1.4670748,1.6050732
0.5967322,0.65971553
0.1975552,0.23873247
0.8285413,0.031923838
0.10717865,-0.21071103
0.1914268,1.2152866
0.23363285,1.683792
0.79292697,1.2531242
-0.34290636,-0.40311846
-0.50504,-0.5237304
-0.0074438285,0.6163288
0.6087117,0.40058577
0.33693576,-0.090709455
0.40250885,0.6059272
-1.6639961,-0.6665993
0.5169604,0.43836454
0.4531162,0.30310163
-0.42270917,0.9172986
-0.6761237,-1.3911681
0.23766373,0.7017497
0.20802863,0.10662408
-1.8582786,-1.0199893
0.5429433,-0.33281222
0.11952219,0.35386926
-0.34104562,0.4238144
0.5980144,-0.109824866
0.05436399,0.37448898
-0.35739076,-0.23456132
1.1803883,0.8080686
-0.13455753,-2.4318197
1.2328181,0.7363548
0.79573065,0.5480788
0.8657682,0.33442405
0.63975716,0.084334426
0.20866711,0.48427054
0.16893998,0.022049371
-1.647519,-1.8322991
0.4666092,0.14639586
0.06544813,-1.2452468
-0.03623069,0.6836804
0.59722066,0.20069906
0.40599316,0.7635455
0.65479845,1.1179231
0.5605774,1.3488508
0.6627383,1.1027493
0.2227319,-1.0105681
0.23572786,0.021014242
0.716106,1.032726
0.6248643,-0.46921822
0.42858434,1.4455407
0.16824545,0.3787282
0.7486571,0.7484113
-0.37779734,-0.829486
0.8219616,0.7514137
0.06847323,0.29557303
-0.3234965,0.27798644
-0.55187243,-0.38648742
0.8881637,1.4998022
-0.7833082,-2.5239718
-0.32716867,-0.4402307
-0.3595274,-2.8016562
0.17707601,-0.4471157
-0.16106078,0.47527212
0.11666732,0.40106925
0.2743025,0.8641417
0.51616585,1.3246186
0.61500865,0.67460483
-0.14471693,-1.4118961
0.8628111,0.911841
-1.400796,-2.7488582
0.0065567996,0.6840279
1.2708899,0.5472047
0.5709006,-0.6401668
-0.6532756,-1.7414212
0.6025717,1.2856777
0.49806717,1.2987717
1.3023386,0.9435608
0.5777003,1.7136176
-0.51664215,0.69496286
0.0065745097,-0.4788438
0.61569035,1.2567487
0.73913324,0.9178638
0.0129031595,0.74972844
-1.222718,-0.8201454
-0.01272803,0.8298755
0.16855358,1.5658066
0.15299219,0.22879554
-0.050190754,-1.6262947
0.77263474,1.2659413
0.77263474,0.80324847
-0.057890058,-0.27001858
-0.22073711,-1.9242772
1.328799,1.0341121
0.15837467,0.22316882
0.19105236,0.21703634
0.13848653,0.44469705
-0.06448279,0.9236338
0.41784492,0.8747227
0.7241307,1.2062913
0.09799708,1.1227441
-0.27047092,0.9040034
0.61033225,1.3740572
-0.3438052,-1.2937312
-0.39198902,-0.42370835
0.24026798,-0.14500748
1.0645252,1.5010272
0.50411415,1.7833123
0.6172359,0.93419296
0.57331234,0.22143146
-0.8888645,-1.6286359
0.4623089,0.6608899
0.46086815,-2.437208
-0.35003653,-0.60317177
0.12302969,0.4659196
0.70385295,-0.1305903
0.7456467,0.5579995
1.135725,-0.27997592
0.6021496,1.171873
-0.2788973,-0.1805133
0.7111046,0.7483482
-0.35155576,-0.553725
-0.64823383,-0.8539017
0.24035178,-1.4475607
0.32555985,0.6278029
0.6493418,0.40909272
0.4194155,0.89785314
0.48401925,1.2845145
0.727541,0.77151304
-0.19307852,-0.029648533
-0.5392135,-0.689042
0.79913163,0.9538968
-0.23125796,0.42235443
0.608135,0.82139236
-0.3498953,-1.0881706
0.72457224,0.5514689
0.15292664,0.61129975
0.2904819,-1.0032488
0.8731522,1.6294442
-0.33294368,0.10812559
-0.0023370236,-0.1933685
0.47323152,1.108248
1.0737962,1.0199431
-0.40709147,-1.5493912
0.47265807,0.70377135
0.27252582,0.99721557
0.16113226,0.89267313
0.8166466,1.8954735
-0.14175178,0.5809611
0.13844578,0.07528422
-0.3777973,-0.027983513
0.7418665,0.48536146
0.80373305,1.1211196
0.83834666,0.19858663
0.0599427,0.6390053
0.8692072,1.1883451
-0.27383623,-0.34223717
-0.09537629,-2.0365238
0.8516021,0.43036714
0.8314872,0.8943433
0.34003937,-2.6507165
-0.16155772,-1.4923915
0.36248118,0.18192618
0.44037104,-1.446715
0.78078985,0.97046375
-0.7837107,0.14981678
0.6708835,0.25100487
0.9611144,0.97820485
0.72244364,0.83199406
-0.27452353,-0.7666832
0.2571568,-0.017018937
0.80659914,0.6047819
1.2645849,1.1005591
0.4666092,0.8813235
1.1353446,1.6003393
0.6370021,0.19276465
0.7439607,1.2489895
0.12337097,0.39938208
0.4392157,0.7215182
0.9104203,1.3612847
-1.0881662,-2.3451457
1.2516412,0.84653944
-0.00041392632,2.1369789
0.071945995,-0.4633068
0.31796092,0.72791255
-0.0017699394,-0.29735613
0.043219306,-0.54082227
-0.045156054,0.8526653
0.2821485,0.17902838
-0.7817459,-0.8369273
0.9756711,0.46949714
0.8427802,0.65285385
0.91638696,1.3190726
0.40862474,1.5674455
0.41722384,0.34736428
0.8034977,0.864235
0.4157841,1.3068112
0.4734327,0.21039349
-0.4937263,-0.011622524
0.052474223,-0.536577
-0.13318554,0.43638882
0.15177438,-0.028251586
0.24235906,0.4969296
0.99275774,0.8943057
0.783707,1.3169245
0.3252132,0.31971923
0.49609718,1.4199748
0.024039565,0.23842809
0.7050675,0.95181787
1.1183552,0.33275005
0.73185396,-0.26342687
-1.6743242,-1.765167
-0.23024152,-0.650958
-0.86748666,-1.2145258
0.1643359,-0.18243583
0.4453601,0.9109645
0.65223247,0.6646318
1.1418717,1.500261
-0.41307762,-2.0351882
0.07570558,1.383082
-0.7399462,-0.5735333
0.91142493,1.0138268
-0.8691876,-1.2457503
0.6334695,0.9204122
0.14248236,1.6644331
-0.09118693,-0.47244748
1.3179332,1.048882
1.0625619,0.9159974
0.9733792,1.0671808
0.31201452,0.76507574
0.62878454,0.54444605
-0.31357437,0.03891839
-0.090904266,0.1475317
0.82086223,0.7771721
0.7029998,-0.9263513
0.46856165,0.6569595
-0.7014631,0.43380117
0.48060468,0.05894571
0.5257677,-1.0493581
-1.2433789,-2.2486732
0.1230297,0.72936726
0.4900349,1.1297742
0.67279476,1.2231231
0.5027218,0.20595704
-0.034465104,0.40113917
0.3221538,0.72493273
0.9858989,0.6264179
0.27265367,-0.24435198
0.9038937,0.65719616
-0.039427936,0.4889291
-0.50437814,-0.9674335
0.75172627,0.581604
0.6968097,-0.25715834
-0.16689517,0.048570234
-0.29770747,-0.64436907
0.35921368,0.5973132
-0.45724258,-1.0920516
0.64025897,-0.18208717
-0.064429924,-0.99706894
0.71230835,0.18987729
-0.44706488,-1.402389
-0.5994454,-1.0180333
0.20319447,-1.5634744
-0.41014078,-1.8369387
0.14107133,0.66737866
0.6172359,0.594943
0.81860846,1.2095289
-0.47835654,0.5198046
-0.33429068,-0.04058065
0.13546042,1.148269
-0.6412125,1.1533079
0.7658879,1.2141639
-1.0457762,-1.0551093
-0.5687122,-1.0129086
-0.029372877,0.45616388
0.80283546,1.1484631
-0.0468178,0.27392295
0.8803657,1.0019606
0.550978,0.6868824
0.5363831,0.24312398
0.3711297,0.20995153
0.39612356,0.5074238
0.9897222,0.6725895
0.09114241,0.27050933
0.62451935,0.72036785
0.26244754,1.2633969
-0.72739625,-1.6327275
-0.13729931,-1.0780542
0.48225012,0.9308967
-0.04215946,-1.1913809
-0.07580473,0.91243166
1.1288018,1.0085119
0.26581848,1.1423993
1.0811191,1.0997655
0.19760124,0.5163719
0.4547362,0.1492526
-0.098549016,0.56606036
-0.09388388,-0.19830383
-1.0468535,-0.56975096
0.4931048,0.1962099
0.22447832,0.5404677
-0.31696156,-1.5671855
0.80627525,0.82664084
-1.4146543,-1.3550394
0.5681723,1.1571858
0.1338331,0.25357914
0.8344918,0.4319515
0.83312786,0.12475286
0.34578696,-0.23084007
0.026218375,1.532235
1.0872239,0.52826184
-0.8236262,-1.9636722
-0.050114878,0.43375352
-0.37198246,0.19058236
-0.43113777,0.02425779
0.503843,0.94521135
-0.62826407,-0.40884343
-0.22370835,-0.14140739
-0.5029288,1.2031819
0.79799134,0.5302762
-0.9278319,0.5722885
0.23833744,0.22887093
-0.025209986,-0.14081524
0.95352453,0.90351117
-0.11495944,0.66388065
0.71529967,1.0563858
0.7602317,0.22126535
-0.21164475,0.09277892
0.34497306,0.4916966
-0.5448522,-0.3773239
0.26534733,1.1647304
0.4457801,0.11966958
0.122178786,0.3628753
0.42670274,1.0296558
0.2463785,0.05641575
-0.30521965,2.0114567
0.08666172,0.8996423
-0.8146953,-0.70350397
0.8745036,1.3527684
-0.10140062,-0.8050342
-0.21765521,0.12190318
0.5288326,0.12344318
0.83049315,1.1191307
-0.26284727,-0.37712312
-0.11111555,-1.7518042
-0.08601901,0.64374846
-0.3684331,-0.6252519
-0.09345286,0.02290416
0.8580855,1.2685981
0.35478204,0.36344808
0.522776,1.7205207
0.08656205,0.8888107
0.19936045,0.75889564
-1.5898823,-0.9416014
0.028986176,0.017495245
0.25380966,0.5340888
-0.4913447,-1.525621
-0.7133063,-0.61776817
0.07859273,0.7757753
0.7958915,-1.8145771
-0.3037158,-0.31310567
0.90361303,1.0083346
0.6086106,0.2485474
0.914301,0.94585204
0.91879827,0.22737268
0.038039394,-0.4213532
0.6172544,0.28048185
0.041882806,-1.0651155
-1.067273,-0.44694263
0.43054938,0.60025114
-1.0683235,-0.9000517
0.9222444,0.33605114
-1.3493105,-2.0233228
0.593486,0.8400209
0.0062585827,0.28899217
0.18475156,0.32780686
0.44141522,0.7226893
0.011255654,1.1792278
-0.6333218,-0.8754039
-0.55187243,-0.168743
-0.11306244,-1.3437482
-0.39009812,-0.9783608
-0.17019561,1.2968163
0.058525898,-1.6542224
0.068007566,-0.5187392
-0.3701692,0.587848
0.95215726,0.5842461
0.26328072,-2.156165
-0.2668504,-1.3875744
0.054009564,0.6838064
-0.72939116,-0.043603297
0.6388076,0.35479787
0.4588404,0.92483425
-0.47718468,-2.2530546
0.8821147,1.1693276
0.96865106,0.9827542
0.9045133,0.9173273
1.1011735,0.028975872
-0.54068166,-0.8951437
0.86281085,0.44327894
-0.08651889,-0.033123665
-0.52098024,-1.0738101
0.16293536,0.80534095
1.0525335,0.4691271
0.49958673,0.27273777
0.32125786,0.057527818
0.26749432,0.4239224
0.75175554,0.9590504
0.71362644,0.105486624
0.40486324,0.8235192
-0.4236866,-1.4175367
0.8303752,0.47818872
0.19959344,0.5356487
0.7602317,1.1492735
0.44871408,1.0207127
1.2636445,0.97752523
0.87014586,0.6271102
0.95468885,0.46205008
0.07056725,0.7266118
0.02601237,-0.013447685
0.7084664,1.0907596
0.46218842,0.43756965
-1.5179002,-1.9648656
0.5507542,-0.37507746
-0.67688173,0.015909385
0.13655254,0.98721784
-1.0085768,-2.0890276
-0.8368371,-1.2725977
0.6310252,1.2820913
0.40814552,0.21620308
0.15232253,-0.08394427
0.24208988,0.5662927
0.24591376,0.33434123
0.7381059,0.9716978
0.78353655,0.595685
-0.13491498,-0.039112512
0.8617984,0.83008593
-0.3234965,-1.2851176
0.9178414,0.64098364
0.1882512,1.1414033
-0.451473,0.06922879
0.3980019,0.4201003
0.13759302,0.96616966
-1.1960318,-1.4398268
0.14212179,0.036969066
0.8086281,1.6557231
0.74838537,0.62617373
0.2108001,-1.5602181
0.7078599,0.88772166
0.10241505,-1.0109389
0.7073621,-0.4480814
-0.6148934,-0.053090964
-0.21389528,-2.4357724
0.42858434,0.65762264
-0.24719054,0.6937364
1.0129846,0.2712729
0.68225336,0.9004941
-0.2116447,0.6936821
0.40594408,0.7308593
0.18385239,-0.31526765
0.4281126,0.48134366
0.65006447,0.6171907
0.13465635,1.0745101
-0.52204883,-0.7579538
-0.0955306,0.34055242
0.27035767,1.4395864
0.8287625,-0.5151712
0.8111641,0.6877388
-0.6682862,0.1585069
0.4949955,0.94812
0.14489935,0.0427736
0.61911994,0.6747805
0.25804177,0.47227657
0.29709554,0.82871383
-0.8736069,-0.38075125
0.5558586,0.49112526
0.48457405,0.44810197
-0.37609938,0.22798939
0.5152542,0.81710327
-1.1960318,-1.7696283
-0.1483396,0.94617575
0.14946808,0.37241447
0.48624524,0.09584938
0.5126622,1.0746447
0.86109394,0.7569678
0.41752535,-0.300284
-0.4928199,-1.6209377
0.07237462,0.5376206
-0.8119945,-1.015457
0.7322911,0.6673504
0.27360415,0.87641084
0.04459831,0.4285459
-0.007992456,0.6470215
0.8985628,0.21427667
0.14929318,-1.0724128
0.6378482,1.2719091
-1.1081891,-2.5374756
0.8050303,0.6912079
0.13893586,-1.5021814
-0.1821361,-0.48063815
0.019754427,0.42387387
-0.09547107,-0.3776513
0.031242618,-1.8361385
1.2988145,0.32236603
0.1916094,-0.43469238
0.47722515,-1.0069622
-0.7637864,-1.4624593
-0.8332831,-0.94228107
0.8563415,1.2591697
0.13624941,0.28354454
0.23626794,-0.02813827
0.7610229,1.2327929
1.048143,1.3374714
0.87573296,0.8876373
1.1717634,1.1835287
-0.07991655,-1.1988724
0.112098105,0.2364861
1.0264548,1.2354513
-0.5482706,0.39580688
0.38651434,0.87694097
-0.012043117,1.283686
-0.1401742,-1.6802762
0.41999653,1.717233
0.3001718,0.2687999
-0.0025365222,0.43156987
0.46450552,0.25117248
-0.6052439,-1.2168056
1.11795,1.8542808
1.0781806,0.81375396
0.6556215,0.6587022
0.44712758,0.341227
0.5840749,0.48635492
-0.08651752,-1.1560755
-0.5026645,0.707277
1.2172612,0.89250785
0.20623556,0.446741
-0.30464152,0.66546565
0.37493753,-1.1596075e-05
-0.94006324,-2.600801
0.519806,0.43375298
-0.30724797,-1.2189283
0.7509358,0.4689197
1.0249958,0.87814987
0.5302644,-0.068236895
0.76239365,0.7382105
-0.06308241,0.109173626
1.0204853,0.707728
0.5507542,0.71633935
0.06297251,0.6281604
0.67279476,0.90566
-0.31147838,-1.8371754
0.7991785,1.1435355
-0.17541905,0.13509049
-0.32563326,-0.6896122
-1.0182755,0.33805725
0.35090944,1.4663152
-0.8508766,-2.6946156
0.105778806,-0.07660921
-0.4246075,-0.33149612
0.5815683,-0.45826632
0.2335607,-0.09217365
0.61443216,0.95128566
1.0227563,0.8834707
0.5260575,0.45502904
-0.11217778,0.48650235
0.49790558,-0.25922832
0.6422661,0.62224793
0.18270282,0.63637114
0.94303674,0.3043948
0.62451935,1.3853306
1.0326178,0.8437028
-0.0011861362,-0.22431867
0.98131865,1.3122127
-0.38300982,-0.47252715
-0.7101021,-2.214084
0.33165237,1.6358016
0.005471317,0.8322762
-0.8301594,-2.286275
0.0005725268,-0.52629316
-0.030924039,1.1768285
-1.0761673,-0.853272
-0.11140623,-0.50564224
-0.8607631,-2.796894
0.93542355,1.4750435
1.0102695,1.394638
0.28257364,-0.83661056
0.64288527,0.45435923
0.8460034,0.96506155
0.7079804,0.41068846
-0.35819244,-0.9555459
1.108108,1.178164
0.4454415,-2.824815
1.1111987,1.3794479
0.52469707,0.506034
-1.545604,-2.4419172
0.012599619,0.16796586
0.7663415,0.2042976
0.8275782,0.7769213
-0.4099855,-1.3193895
1.0050299,1.4448364
0.023705067,0.26795477
-0.48938665,0.9883088
1.0223961,0.5805573
-0.32125548,-0.1955546
0.011581706,0.6651519
-0.37140203,-0.16728298
0.92116123,1.028383
-0.78116417,-0.76156867
-0.6745008,1.22398
-1.1168611,-1.3103913
0.26267248,0.88273054
1.0090477,0.8128416
0.2320909,0.5816079
0.2117096,-0.7683431
0.11250497,1.5277474
0.56086063,-0.10591491
-0.23842023,0.8626061
1.0116485,1.9287776
0.18786307,-0.9068628
-1.4506246,-0.32669264
-0.63309425,-1.3135588
-0.03292702,0.8010898
0.5884279,0.80768424
1.0288475,1.1120625
0.795559,-0.32887632
-0.3278782,-1.1795771
0.18692914,0.0019883644
1.2862797,0.6115835
-0.5133872,-0.526013
0.08879112,-0.25527763
-0.49920154,-0.3420959
-0.0011861362,0.78206724
0.41670898,1.190004
0.6462999,0.757821
0.87512165,0.94496745
0.99275774,0.83488196
0.6334669,-0.2760295
0.46416977,1.33245
0.7451881,0.852007
0.21908386,0.18881436
1.0164034,0.15071508
0.03354025,0.42117375
1.1598066,1.0939862
-0.9002138,-2.734261
0.7130924,0.70755184
0.8898027,0.73614955
0.80826956,0.30861744
0.9464185,0.99061716
0.6264273,1.1133263
-0.025210023,-0.23118046
0.3109554,-0.16095503
0.70658827,0.8827581
0.26203898,1.4427869
0.48447916,0.51154196
0.41551444,1.0019338
0.52053136,-1.3304014
0.20449026,1.1760525
1.2180938,0.42891073
0.63004696,1.2447327
-0.029779611,-0.20229542
0.31345254,1.3280575
-0.08232781,-0.3516429
1.0837396,0.6514574
-0.2738054,-0.77852106
-0.35232288,-1.3275827
0.9319125,1.4530101
0.99141043,1.0176299
0.30246392,0.5869591
-0.3618838,-2.9620628
-1.3456349,-1.1590632
0.6831027,0.8756968
0.6585735,0.14396338
0.58182734,0.99326414
0.89695674,1.0642021
0.04473029,-2.0878847
0.56762,0.067108646
-0.53988737,-0.59923697
0.7748335,-0.8404769
0.26551154,0.20655183
0.663369,1.5981398
-1.4183745,-2.2663841
0.68991095,-0.39286304
0.18705566,0.24905403
-1.4535512,-0.79236853
-0.5611192,-2.3548443
1.0890967,0.9017199
-0.0057932343,0.34622446
0.48596904,0.8924719
-0.027962262,0.5512572
0.016810188,1.2431047
0.6840575,1.0296898
0.5408387,1.1200881
1.199464,0.84736943
0.108892806,0.44310036
-0.01272803,-0.25115594
-0.552578,-0.64867496
-1.1206089,-1.8393117
-0.0060446206,0.27490768
0.4318739,-0.32958186
0.9348501,0.60207176
0.6503336,1.6583608
0.41605237,0.39718494
0.2640344,0.3135584
0.7686093,0.695182
0.68824494,-0.31909397
-1.150865,-1.266089
0.25614956,-1.2018074
-0.2311684,0.43904048
-0.02080735,0.6318273
0.7640708,0.35679203
0.23833744,0.8296973
-0.78116417,-0.92980874
0.06468026,0.6496047
1.3017606,0.9346774
-0.26738507,-0.9482955
0.24440463,0.64461946
0.74130106,1.0969377
0.06638427,0.28557828
0.5106611,0.33473027
-0.7871451,-0.6561599
0.45601988,0.609057
0.72719306,1.41477
0.7534785,1.7273377
0.78844815,0.61356837
-0.0016214382,-0.30376905
-0.08876362,0.18044433
